cbsa,cbsa_name,X000,X01,X02,X03,X04,X05,X06,X07,X08,X09,X10,X11,X12,X13,X14,X15,X16,X17,X18,X19,X20,total_workers,worker_to_jobloss_rate,cbsa_cbsaName
10580,"Albany-Schenectady-Troy, NY",37534,3.2,-15.0,147.2,2079.8,1629.3,1368.3,3642.4,1713.1,569.8,713.9,488.8,1065.4,686.1,1555.3,3604.3,3409.3,1908.6,8663.9,2871.8,1428.8,423980,0.08853,"10580, Albany-Schenectady-Troy, NY"
10900,"Allentown-Bethlehem-Easton, PA-NJ",23556,10.6,37.8,53.1,1329.5,1770.9,734.3,1427.1,-83.8,468.1,243.5,106.5,-244.7,277.9,3637.8,886.3,3746.3,1583.3,5554.1,1681.2,336.0,406651,0.05793,"10900, Allentown-Bethlehem-Easton, PA-NJ"
12420,"Austin-Round Rock-Georgetown, TX",18679,6.8,1038.8,-96.4,4042.2,1409.6,-154.3,1062.8,-584.1,1385.3,-1328.1,214.4,-4737.4,301.6,536.1,1459.6,2428.2,2583.5,5297.9,3425.4,387.2,999654,0.01869,"12420, Austin-Round Rock-Georgetown, TX"
12940,"Baton Rouge, LA",24960,14.1,297.5,97.3,5526.1,3004.2,658.2,737.4,1069.9,1411.1,578.3,688.8,-150.9,253.2,1510.2,160.0,1177.0,1400.3,4592.8,881.8,1052.8,356099,0.07009,"12940, Baton Rouge, LA"
16740,"Charlotte-Concord-Gastonia, NC-SC",23051,-2.3,-55.6,-114.6,-280.5,3311.4,298.9,550.8,-2892.5,-200.9,-309.6,545.7,-4408.2,1350.4,2089.6,2561.7,5263.2,2809.9,9089.9,2363.8,1079.9,1182992,0.01949,"16740, Charlotte-Concord-Gastonia, NC-SC"
17460,"Cleveland-Elyria, OH",45089,8.1,129.3,43.9,1146.1,6173.8,1297.9,1479.6,-512.4,1097.1,268.4,425.3,1761.7,586.1,3976.7,2097.0,8270.4,2571.6,9490.7,3619.6,1157.9,970974,0.04644,"17460, Cleveland-Elyria, OH"
18140,"Columbus, OH",41685,7.5,171.9,38.7,1193.2,3620.2,1051.2,2882.7,-2640.6,1566.6,445.8,356.7,1792.1,733.5,4808.3,2683.1,6536.6,2023.2,9490.0,3474.7,1450.1,985433,0.0423,"18140, Columbus, OH"
27260,"Jacksonville, FL",19468,-0.6,-6.4,46.2,-31.5,470.7,866.4,2126.2,599.7,583.5,-1365.5,336.4,-3035.9,418.1,3338.2,-581.8,2233.3,3573.4,8406.6,1238.1,253.1,680966,0.02859,"27260, Jacksonville, FL"
28140,"Kansas City, MO-KS",27108,-0.9,2.0,34.2,75.8,2897.6,871.4,2333.0,-2377.5,1531.1,1866.4,2563.3,-510.0,1721.1,2110.5,-2162.6,3784.7,3665.4,6608.4,1603.5,490.7,1039057,0.02609,"28140, Kansas City, MO-KS"
31140,"Louisville/Jefferson County, KY-IN",18364,7.5,76.2,-4.9,-43.9,2502.1,417.2,-417.8,-3574.0,1036.1,-704.4,323.7,-88.1,296.9,4612.2,1351.1,2936.4,-1.9,7462.8,1629.6,547.3,626426,0.02932,"31140, Louisville/Jefferson County, KY-IN"
33340,"Milwaukee-Waukesha, WI",29577,2.5,19.0,11.3,954.2,1796.6,804.9,1352.4,-599.1,134.2,1590.6,-6.8,-106.2,-2.9,1177.8,3217.3,3378.3,5428.5,7697.9,981.4,1744.8,784646,0.03769,"33340, Milwaukee-Waukesha, WI"
36420,"Oklahoma City, OK",19436,10.3,5393.3,13.7,441.0,2072.1,322.0,635.7,-102.6,1365.7,781.4,654.2,564.1,1161.5,3613.8,-1738.7,2700.0,843.3,-123.0,553.5,274.8,573674,0.03388,"36420, Oklahoma City, OK"
37100,"Oxnard-Thousand Oaks-Ventura, CA",25650,8.8,149.8,49.8,752.7,1166.7,612.2,2283.4,-176.7,2282.8,237.6,501.1,80.5,432.2,1170.5,3522.4,121.2,2444.6,6780.8,2347.5,882.5,391202,0.06557,"37100, Oxnard-Thousand Oaks-Ventura, CA"
41700,"San Antonio-New Braunfels, TX",23467,12.3,2889.6,-103.7,4032.1,2600.5,-82.6,418.9,-1335.4,1282.6,-1485.3,325.4,-3186.9,502.2,928.3,881.1,3435.9,2715.2,6441.0,3157.6,38.3,1046608,0.02242,"41700, San Antonio-New Braunfels, TX"
49340,"Worcester, MA-CT",31251,3.4,-8.8,90.8,708.3,1503.7,892.5,2614.6,610.9,200.1,411.3,173.5,-872.1,657.0,1044.2,3959.8,6087.8,1977.6,7501.8,2847.5,847.4,468806,0.06666,"49340, Worcester, MA-CT"
12060,"Atlanta-Sandy Springs-Alpharetta, GA",51479,6.1,-16.7,-44.2,1118.2,5683.1,1677.3,2996.6,-3615.8,5016.6,505.9,2815.6,-1288.7,5482.8,-6070.5,-9629.8,3416.7,7857.4,27416.8,6526.0,1625.2,2592718,0.01986,"12060, Atlanta-Sandy Springs-Alpharetta, GA"
16980,"Chicago-Naperville-Elgin, IL-IN-WI",275695,9.0,264.3,209.2,3276.2,24180.2,6649.6,18970.8,-629.0,7985.4,4485.1,4701.5,15656.2,2977.8,16759.8,27529.7,27400.1,22336.0,73381.5,13385.9,6165.6,4489224,0.06141,"16980, Chicago-Naperville-Elgin, IL-IN-WI"
17140,"Cincinnati, OH-KY-IN",42823,13.6,117.7,25.4,1038.5,5240.3,1341.0,501.7,-1423.5,1441.9,-45.8,438.5,1463.7,862.1,4551.4,2170.4,6994.5,2315.3,11187.1,3617.9,971.5,1044902,0.04098,"17140, Cincinnati, OH-KY-IN"
19100,"Dallas-Fort Worth-Arlington, TX",61786,20.4,4946.4,-221.5,12898.2,10961.0,87.2,2442.0,-6529.1,4075.8,-6947.5,974.0,-11681.7,2078.9,3282.7,2492.6,9030.1,8163.0,15940.8,9238.6,534.0,3464390,0.01783,"19100, Dallas-Fort Worth-Arlington, TX"
19740,"Denver-Aurora-Lakewood, CO",38621,16.9,2430.5,-105.0,3418.0,2049.0,-525.4,787.4,-1390.2,3245.8,-463.8,191.9,-2273.6,-1992.9,5204.1,6227.0,1013.6,3045.7,11847.7,3773.4,2120.7,1442260,0.02678,"19740, Denver-Aurora-Lakewood, CO"
26420,"Houston-The Woodlands-Sugar Land, TX",68530,39.1,15303.8,-269.4,14778.3,11044.1,-677.0,2439.0,-4000.1,2525.2,-2795.9,847.6,-10461.5,1599.5,827.8,2324.9,7002.8,5828.5,13433.2,8197.5,542.5,2946961,0.02325,"26420, Houston-The Woodlands-Sugar Land, TX"
26900,"Indianapolis-Carmel-Anderson, IN",28585,5.7,63.6,-13.4,1334.7,1324.2,693.1,190.7,-3588.4,2180.3,-175.1,1388.6,-92.6,-360.1,10323.1,1611.4,3232.8,386.5,6287.9,3826.9,-35.2,988576,0.02891,"26900, Indianapolis-Carmel-Anderson, IN"
31080,"Los Angeles-Long Beach-Anaheim, CA",449819,25.6,476.9,580.5,9424.3,26836.5,13362.9,32641.4,-4349.0,59800.7,3038.6,9564.3,6328.2,4646.9,24824.2,50594.5,2325.9,46781.7,110687.3,40118.7,12109.4,5921821,0.07596,"31080, Los Angeles-Long Beach-Anaheim, CA"
35620,"New York-Newark-Jersey City, NY-NJ-PA",814048,6.1,5.8,2691.4,48619.2,15488.2,35489.3,80784.4,47118.5,26704.9,5920.8,19364.5,29251.1,11503.1,52060.2,41051.9,83308.5,54941.2,172843.4,70969.4,15925.8,9394611,0.08665,"35620, New York-Newark-Jersey City, NY-NJ-PA"
37980,"Philadelphia-Camden-Wilmington, PA-NJ-DE-MD",165934,13.0,100.6,395.1,9346.0,7487.4,5029.7,11785.0,2281.6,3978.0,2061.5,1634.9,-1819.4,1839.5,22372.8,7136.9,27522.9,10876.2,36688.4,14525.1,2679.0,2896875,0.05728,"37980, Philadelphia-Camden-Wilmington, PA-NJ-DE-MD"
38300,"Pittsburgh, PA",69697,11.4,1677.7,240.0,3894.5,4409.0,1752.8,4833.2,1486.3,1339.3,1830.7,159.4,-1072.9,1057.4,7669.9,3341.1,9664.8,4707.2,16959.7,5047.5,687.9,1116293,0.06244,"38300, Pittsburgh, PA"
38900,"Portland-Vancouver-Hillsboro, OR-WA",55578,25.0,-12.3,-20.3,2196.2,7932.9,582.4,2591.8,-803.3,1621.2,-451.0,473.2,-2904.3,2470.3,3163.8,3339.4,3035.3,7550.0,18951.3,3897.9,1938.2,1162424,0.04781,"38900, Portland-Vancouver-Hillsboro, OR-WA"
40140,"Riverside-San Bernardino-Ontario, CA",108325,27.4,221.2,258.6,4859.9,6184.4,3470.1,8697.9,-7799.7,2390.9,672.1,2097.9,602.0,902.2,6859.5,16352.3,771.2,11847.6,34647.5,9953.5,5308.5,1803520,0.06006,"40140, Riverside-San Bernardino-Ontario, CA"
40900,"Sacramento-Roseville-Folsom, CA",63890,28.2,84.1,163.7,2313.4,1504.6,1128.1,4483.8,-1022.1,1344.5,587.9,1286.8,489.8,641.1,3515.6,9489.9,678.5,6492.8,17189.5,6446.4,7043.1,990669,0.06449,"40900, Sacramento-Roseville-Folsom, CA"
41180,"St. Louis, MO-IL",50087,6.4,15.9,91.1,623.8,4287.6,1635.8,4035.4,-1127.1,2538.7,2622.6,3651.6,544.2,2758.2,3104.1,-2342.6,5441.5,4452.5,13694.1,2935.3,1118.1,1334121,0.03754,"41180, St. Louis, MO-IL"
41860,"San Francisco-Oakland-Berkeley, CA",143580,34.1,220.1,245.5,4075.8,4483.2,2685.9,10446.2,1100.8,4593.3,1269.2,3185.0,2128.7,2516.6,8398.0,19838.5,885.1,14343.9,40808.6,17655.7,4665.9,2289280,0.06272,"41860, San Francisco-Oakland-Berkeley, CA"
42660,"Seattle-Tacoma-Bellevue, WA",45268,20.9,-14.2,-15.8,-548.8,21792.7,951.9,-4475.0,5814.2,-9428.6,-370.6,1701.1,-5954.5,2334.3,6139.8,-8734.8,-7839.0,12110.5,21900.2,7415.0,2468.3,1852802,0.02443,"42660, Seattle-Tacoma-Bellevue, WA"
12120,"Atmore, AL",476,17.8,27.3,-0.2,62.2,72.3,0.4,2.8,-4.8,2.2,2.9,5.3,-0.5,2.8,22.5,76.6,66.5,38.1,44.1,19.9,17.4,14458,0.03289,"12120, Atmore, AL"
15420,"Burley, ID",-603,-0.5,-7.5,-8.9,-85.6,-77.1,-42.2,-107.0,-65.0,13.2,-38.1,-13.3,-21.1,-4.5,20.3,-84.8,-43.2,-6.3,-37.9,20.3,-13.7,19750,-0.03052,"15420, Burley, ID"
30300,"Lewiston, ID-WA",-438,-2.6,-2.1,-4.6,-76.0,37.7,-18.0,-161.2,-16.9,5.2,-73.2,-19.7,-48.2,-3.1,21.6,-145.4,-102.3,35.3,82.4,48.6,4.7,28117,-0.01557,"30300, Lewiston, ID-WA"
34140,"Moscow, ID",-473,-7.1,-3.8,-1.2,-52.3,-1.2,-21.4,-82.9,-9.1,6.9,-30.7,-22.7,-31.6,-3.0,14.0,-178.9,-18.8,-8.1,-29.4,20.6,-12.5,15897,-0.02977,"34140, Moscow, ID"
38540,"Pocatello, ID",-1196,-0.4,-10.8,-4.9,-143.0,-69.2,-45.4,-247.7,-41.7,9.2,-140.0,-37.6,-76.5,0.0,94.7,-215.4,-135.7,-19.6,-113.0,38.7,-37.7,36301,-0.03294,"38540, Pocatello, ID"
38740,"Poplar Bluff, MO",347,-1.2,-3.0,2.2,4.6,65.5,21.0,21.1,-11.6,9.6,27.5,43.2,-5.4,9.1,6.2,-79.7,79.1,25.1,98.2,17.6,18.2,16757,0.02073,"38740, Poplar Bluff, MO"
41760,"Sandpoint, ID",-464,-5.8,-16.4,-7.6,-90.5,-1.6,-19.6,-112.1,-17.6,10.5,-36.7,-36.6,-31.6,-4.4,18.0,-50.4,-24.1,-23.4,-30.3,30.0,-14.0,16638,-0.02791,"41760, Sandpoint, ID"
46300,"Twin Falls, ID",-1429,-0.8,-9.3,-12.5,-186.3,-182.1,-76.5,-252.1,-137.2,38.7,-102.5,-51.1,-73.1,-21.2,90.2,-202.8,-109.4,-17.5,-134.3,42.4,-31.6,47804,-0.02989,"46300, Twin Falls, ID"
48500,"West Point, MS",108,4.3,4.6,-1.2,0.3,60.7,-0.3,5.6,-22.6,10.9,3.0,5.7,-5.7,0.0,-8.7,-55.6,56.8,8.8,33.7,2.2,5.6,8608,0.01255,"48500, West Point, MS"
10740,"Albuquerque, NM",19728,5.6,423.6,18.5,1507.4,437.6,304.4,1010.5,-69.0,2421.2,1212.1,416.0,828.9,170.7,1238.8,-53.8,2052.8,737.3,4681.5,1320.9,1063.1,381835,0.05167,"10740, Albuquerque, NM"
12540,"Bakersfield, CA",18169,8.5,1244.2,41.2,681.4,998.4,350.5,1306.4,-512.4,332.7,104.7,305.7,7.1,239.4,878.1,3271.3,53.7,1144.4,4889.0,1609.4,1215.8,306104,0.05936,"12540, Bakersfield, CA"
13820,"Birmingham-Hoover, AL",15261,29.7,308.8,-17.7,1787.3,457.6,430.9,662.6,-197.0,218.0,559.2,307.3,67.7,306.1,1552.8,3323.3,1780.3,453.2,1835.3,1154.5,240.8,487627,0.0313,"13820, Birmingham-Hoover, AL"
16700,"Charleston-North Charleston, SC",8467,-0.9,-10.4,-48.5,-103.7,1377.3,13.7,-526.0,-102.4,211.0,169.6,431.5,191.8,-8.2,1122.2,-1240.9,587.2,998.2,4476.3,654.6,274.3,341752,0.02477,"16700, Charleston-North Charleston, SC"
17820,"Colorado Springs, CO",8154,2.9,148.2,-36.4,668.9,368.3,-52.9,48.3,-254.9,672.4,14.6,57.0,-520.2,-159.9,1056.3,1528.7,371.5,600.1,2715.4,905.0,20.5,291040,0.02802,"17820, Colorado Springs, CO"
17900,"Columbia, SC",6434,-7.2,-41.9,-54.3,-83.1,853.6,-54.7,-701.9,-536.5,204.9,432.3,373.9,204.9,-10.1,1020.7,-1213.2,728.7,733.2,3448.2,595.4,541.1,349239,0.01842,"17900, Columbia, SC"
21660,"Eugene-Springfield, OR",8761,23.6,-12.0,-3.0,359.8,819.8,75.8,231.6,-195.1,208.0,-22.2,45.5,-275.9,228.2,522.5,967.9,1017.1,1083.6,2930.1,497.6,258.1,156284,0.05606,"21660, Eugene-Springfield, OR"
24860,"Greenville-Anderson, SC",8097,-2.1,-26.9,-49.4,-98.1,2651.1,-78.8,-748.6,-616.6,169.6,251.4,297.9,259.5,-14.0,1223.5,-1343.0,941.0,947.7,3497.6,540.5,295.0,398754,0.02031,"24860, Greenville-Anderson, SC"
25420,"Harrisburg-Carlisle, PA",15088,10.0,20.1,28.7,739.5,942.3,451.3,1062.2,-257.3,195.4,299.1,29.8,-164.6,212.0,2289.7,650.4,2008.1,1334.8,3660.8,1154.8,420.9,267962,0.05631,"25420, Harrisburg-Carlisle, PA"
28940,"Knoxville, TN",6880,2.2,-21.4,-17.4,601.1,658.4,149.8,516.3,-486.6,486.9,-2.0,160.7,-2297.5,283.4,157.0,1110.2,1868.0,719.6,3249.3,169.2,-426.8,377833,0.01821,"28940, Knoxville, TN"
29180,"Lafayette, LA",14012,4.5,2138.7,32.3,1733.6,1389.6,429.9,257.4,816.3,692.9,335.7,683.8,-106.6,157.4,602.5,-6.6,721.3,834.4,2512.1,459.7,323.0,195344,0.07173,"29180, Lafayette, LA"
30460,"Lexington-Fayette, KY",9475,6.8,72.5,-1.8,-109.2,1264.4,104.8,-132.8,-323.8,383.3,-144.3,88.9,-90.9,123.0,1592.4,1031.7,1217.9,-48.2,3461.9,563.1,414.9,232262,0.04079,"30460, Lexington-Fayette, KY"
32820,"Memphis, TN-MS-AR",4418,9.9,10.0,-18.3,548.9,706.3,326.3,1006.9,-6998.4,589.3,112.7,359.5,-1649.2,363.9,259.8,268.0,2956.6,922.6,4780.7,379.5,-516.7,597199,0.0074,"32820, Memphis, TN-MS-AR"
35980,"Norwich-New London, CT",7857,8.7,10.1,26.7,212.3,539.9,164.0,773.2,-152.2,239.3,105.3,121.1,114.2,30.6,183.3,-70.7,1514.8,448.5,3150.2,336.8,100.9,125264,0.06273,"35980, Norwich-New London, CT"
36220,"Odessa, TX",4050,20.9,2619.4,-5.8,467.8,210.5,18.8,47.5,-207.9,67.6,-20.0,90.2,-105.1,17.4,-17.1,27.2,168.8,82.5,329.4,223.3,14.1,72564,0.05581,"36220, Odessa, TX"
38860,"Portland-South Portland, ME",6804,-7.2,-13.9,5.0,233.2,66.4,181.2,246.0,114.7,424.0,32.0,134.7,83.5,62.0,-384.5,-1287.5,1485.0,992.7,3958.8,246.6,231.0,263643,0.02581,"38860, Portland-South Portland, ME"
41420,"Salem, OR",8851,12.5,-4.0,-1.8,578.2,965.7,27.6,453.3,-287.8,150.0,-53.3,44.2,-282.9,153.8,364.9,648.7,1090.7,861.1,2778.7,438.1,913.0,179053,0.04943,"41420, Salem, OR"
42020,"San Luis Obispo-Paso Robles, CA",7806,3.1,45.4,14.8,264.4,342.7,111.3,573.8,-95.3,190.0,33.2,132.0,15.3,48.1,223.7,1406.2,4.3,547.7,2758.3,774.9,412.3,114949,0.06791,"42020, San Luis Obispo-Paso Robles, CA"
42100,"Santa Cruz-Watsonville, CA",7938,18.9,8.7,12.6,243.5,245.4,139.4,640.6,-50.8,169.9,40.2,125.1,42.4,75.6,245.2,1644.8,40.3,982.5,2080.9,933.4,299.5,116475,0.06815,"42100, Santa Cruz-Watsonville, CA"
42220,"Santa Rosa-Petaluma, CA",14645,4.6,20.7,23.4,616.3,736.8,247.8,1114.9,31.2,469.5,76.1,271.7,67.4,152.0,563.3,1918.7,142.6,2021.6,3993.2,1586.3,586.5,220390,0.06645,"42220, Santa Rosa-Petaluma, CA"
42540,"Scranton--Wilkes-Barre, PA",14727,3.2,85.6,48.8,746.7,1334.2,450.8,898.8,-132.7,255.7,258.7,36.7,-116.1,115.0,2118.3,636.9,2406.8,737.8,3570.6,1044.4,226.9,249687,0.05898,"42540, Scranton--Wilkes-Barre, PA"
43340,"Shreveport-Bossier City, LA",11991,18.2,920.3,50.0,1269.7,1083.3,392.8,399.8,517.2,627.9,227.6,382.5,-68.1,81.6,862.8,13.0,815.2,923.7,2808.2,401.2,263.9,172790,0.0694,"43340, Shreveport-Bossier City, LA"
44060,"Spokane-Spokane Valley, WA",5334,6.9,-20.3,-1.7,-63.3,1957.6,84.4,-659.9,397.7,-48.9,32.7,173.9,-463.1,271.9,503.6,-1403.9,-1338.7,1519.0,3180.8,752.3,453.5,238527,0.02236,"44060, Spokane-Spokane Valley, WA"
44700,"Stockton, CA",16002,12.7,14.4,35.1,775.8,1135.4,492.1,1156.5,-1044.7,382.6,125.4,301.9,42.8,185.4,868.3,2501.8,322.8,1359.1,4629.5,1747.8,957.2,297759,0.05374,"44700, Stockton, CA"
47300,"Visalia, CA",8620,5.7,28.1,18.1,273.3,757.6,208.2,646.7,-298.6,106.3,62.6,135.7,0.9,59.2,459.0,1631.0,179.7,652.4,2312.5,683.6,698.1,164271,0.05247,"47300, Visalia, CA"
13140,"Beaumont-Port Arthur, TX",4400,26.0,539.0,-18.2,1386.0,973.8,-19.4,-29.1,-152.7,53.2,-84.4,57.0,-378.7,26.1,-50.4,89.4,601.9,264.2,602.1,464.0,49.7,165560,0.02657,"13140, Beaumont-Port Arthur, TX"
14260,"Boise City, ID",-9610,-2.6,-45.0,-70.3,-1832.8,-55.4,-661.9,-1794.1,-401.0,288.1,-1339.1,-481.9,-676.3,-249.7,1045.7,-1293.0,-1097.1,-170.7,-969.8,483.7,-286.6,321981,-0.02985,"14260, Boise City, ID"
14540,"Bowling Green, KY",2968,4.7,14.6,-0.9,-40.8,670.3,46.5,-16.2,-101.6,73.5,-25.8,22.8,-1.0,79.4,403.3,236.1,335.7,5.1,1026.7,138.2,97.2,71545,0.04148,"14540, Bowling Green, KY"
17020,"Chico, CA",5465,21.8,10.3,12.7,169.9,150.2,102.8,355.4,-61.3,110.7,47.0,95.4,-4.0,33.3,145.0,1095.6,122.7,488.4,1570.7,684.2,314.2,84767,0.06447,"17020, Chico, CA"
20260,"Duluth, MN-WI",6874,7.2,-125.2,32.6,114.7,317.5,142.5,425.6,213.6,167.0,175.9,57.1,48.0,76.7,154.7,326.6,1427.4,616.5,1971.5,415.4,309.0,127885,0.05376,"20260, Duluth, MN-WI"
21500,"Erie, PA",7934,4.8,22.0,20.1,288.9,863.5,150.2,492.4,86.0,93.8,135.3,19.9,-28.0,30.5,808.3,348.5,1309.9,616.1,1928.5,654.8,89.0,119565,0.06636,"21500, Erie, PA"
21700,"Eureka-Arcata, CA",3451,31.0,1.9,6.6,83.4,109.5,30.2,249.2,-16.3,66.3,23.4,53.7,3.9,0.0,75.3,658.2,65.7,259.7,1027.0,393.1,329.5,47806,0.07219,"21700, Eureka-Arcata, CA"
21780,"Evansville, IN-KY",4959,2.5,133.6,-0.8,209.9,590.7,63.5,10.3,-189.4,247.1,-4.2,157.6,-6.8,-67.2,1171.9,262.8,745.3,40.4,984.1,589.5,18.4,149589,0.03315,"21780, Evansville, IN-KY"
22660,"Fort Collins, CO",4895,7.7,381.8,-11.0,416.5,314.1,-65.3,80.3,-149.1,209.0,11.1,23.0,-285.5,-97.4,363.8,1145.3,162.2,321.8,1395.6,404.3,267.0,158803,0.03083,"22660, Fort Collins, CO"
24580,"Green Bay, WI",5569,6.5,7.5,3.7,266.4,284.7,186.4,223.5,-197.0,35.6,393.0,-8.2,-72.9,-0.5,110.8,557.3,631.1,932.7,1704.0,166.9,337.0,162735,0.03422,"24580, Green Bay, WI"
26620,"Huntsville, AL",4518,4.1,13.0,-1.6,553.0,34.5,100.1,32.6,-9.9,89.8,6.4,54.6,-284.8,40.8,727.0,1212.4,658.5,184.6,759.6,281.4,61.6,187036,0.02415,"26620, Huntsville, AL"
27140,"Jackson, MS",3389,20.9,165.6,-31.4,7.9,892.8,-34.2,667.8,-784.3,414.6,263.8,188.8,-167.9,115.3,-80.1,-1661.4,1730.5,219.6,1023.7,87.4,350.0,243822,0.0139,"27140, Jackson, MS"
28420,"Kennewick-Richland, WA",1514,4.8,0.5,-7.1,-42.2,727.6,22.3,-257.4,187.8,-60.2,8.6,83.3,-537.5,58.9,277.6,-807.1,-520.7,518.0,1321.8,316.5,218.0,124984,0.01211,"28420, Kennewick-Richland, WA"
29340,"Lake Charles, LA",6977,8.2,153.6,24.1,1813.4,904.7,146.6,34.6,344.8,263.1,103.8,174.7,-63.2,30.7,304.7,-18.5,306.7,387.0,1675.0,166.1,216.6,88690,0.07867,"29340, Lake Charles, LA"
32780,"Medford, OR",4637,10.6,-9.2,-2.5,225.1,358.5,7.9,220.6,-143.9,163.1,-28.0,39.0,-131.0,86.6,116.3,275.1,490.1,706.5,1819.3,245.4,187.7,86671,0.0535,"32780, Medford, OR"
33660,"Mobile, AL",5397,9.7,56.6,-0.1,821.2,45.9,90.2,150.2,-7.5,94.6,19.7,131.1,-53.3,48.2,728.7,1194.8,675.6,109.2,805.5,421.7,54.7,170344,0.03168,"33660, Mobile, AL"
36500,"Olympia-Lacey-Tumwater, WA",2911,8.4,-2.9,-0.7,-32.9,636.0,18.3,-113.4,191.6,-46.5,-0.2,79.7,-226.2,83.9,254.8,-792.1,-511.3,857.6,1220.3,462.9,823.6,117513,0.02477,"36500, Olympia-Lacey-Tumwater, WA"
39820,"Redding, CA",3937,58.2,15.4,9.3,122.2,123.1,49.0,315.1,-63.7,71.1,21.4,66.4,6.5,32.3,171.8,648.6,61.6,431.9,1077.3,384.0,335.1,62387,0.0631,"39820, Redding, CA"
43900,"Spartanburg, SC",2991,-2.2,-15.7,-13.3,-39.8,1359.1,76.8,-391.1,-392.0,47.2,62.4,136.0,61.0,-5.4,406.7,-551.0,296.8,272.0,1355.3,204.4,123.6,147943,0.02022,"43900, Spartanburg, SC"
44180,"Springfield, MO",5124,-1.0,-17.7,10.3,65.5,318.3,305.4,610.5,-354.5,321.1,417.8,559.9,-17.8,250.4,693.3,-993.0,481.0,474.7,1522.4,326.4,151.4,195007,0.02628,"44180, Springfield, MO"
46220,"Tuscaloosa, AL",3587,27.0,142.8,-0.3,345.4,368.4,22.6,66.7,-52.4,55.8,41.2,33.9,-12.1,26.2,333.5,1142.6,327.6,89.8,397.1,185.8,45.5,96574,0.03715,"46220, Tuscaloosa, AL"
49420,"Yakima, WA",1815,4.1,-1.1,-0.2,-22.5,821.0,52.3,-109.9,-79.1,-8.9,-2.1,42.0,-74.9,63.4,91.7,-664.1,-393.3,558.9,1047.4,230.9,259.4,105234,0.01725,"49420, Yakima, WA"
49700,"Yuba City, CA",3821,9.8,26.8,9.2,193.1,161.1,71.4,288.1,-87.2,87.3,33.1,71.5,2.2,31.7,125.3,648.5,91.6,408.2,1041.8,372.3,235.1,67692,0.05645,"49700, Yuba City, CA"
10540,"Albany-Lebanon, OR",2694,12.7,-1.3,-0.5,165.0,415.9,21.4,33.3,-160.7,39.4,-5.6,12.2,-87.5,0.0,106.8,318.5,336.3,248.6,890.1,187.4,161.5,55252,0.04875,"10540, Albany-Lebanon, OR"
12620,"Bangor, ME",1542,-13.6,0.2,0.9,64.7,71.4,37.3,67.4,50.4,75.6,30.3,36.5,23.6,0.0,-139.5,-354.3,432.7,192.9,854.5,36.7,74.8,67069,0.023,"12620, Bangor, ME"
16540,"Chambersburg-Waynesboro, PA",3887,5.8,13.8,7.8,249.8,612.2,81.4,261.1,-91.3,54.3,57.4,2.6,-69.3,3.8,510.5,131.8,604.4,207.2,898.0,289.8,56.0,68997,0.05634,"16540, Chambersburg-Waynesboro, PA"
21060,"Elizabethtown-Fort Knox, KY",2333,3.4,26.5,-0.5,-38.2,455.8,22.7,-110.9,-142.0,104.7,-20.3,33.5,-18.8,34.1,431.5,131.8,295.1,-10.8,919.1,148.6,67.9,62608,0.03727,"21060, Elizabethtown-Fort Knox, KY"
22500,"Florence, SC",1577,-0.8,0.0,-13.8,-18.9,346.2,-2.6,-258.8,-142.1,23.0,64.4,65.5,42.3,-3.3,213.5,-278.3,256.5,152.6,886.7,115.7,128.5,83795,0.01882,"22500, Florence, SC"
29740,"Las Cruces, NM",3641,6.7,243.4,7.4,310.1,96.2,42.7,222.6,-73.6,177.6,194.8,72.6,193.8,9.2,194.8,-5.1,537.2,96.8,918.7,223.1,172.2,76117,0.04784,"29740, Las Cruces, NM"
30980,"Longview, TX",2649,6.7,964.5,-12.2,371.5,432.8,-17.3,21.1,-100.5,78.7,-70.2,22.9,-161.1,12.6,-24.1,48.5,375.5,115.1,357.4,203.9,23.4,89467,0.02961,"30980, Longview, TX"
31020,"Longview, WA",1433,15.1,-5.6,-0.6,-19.3,786.7,11.6,-140.1,128.0,-32.3,10.3,41.9,-72.7,35.2,91.8,-279.4,-208.9,241.8,559.4,157.7,112.7,51151,0.02802,"31020, Longview, WA"
31460,"Madera, CA",2966,7.2,18.7,8.1,120.6,173.0,69.0,197.4,-83.8,80.3,17.2,44.3,19.5,0.0,145.2,483.7,40.5,251.8,872.2,267.5,233.7,52753,0.05622,"31460, Madera, CA"
33740,"Monroe, LA",4880,3.5,169.1,20.4,658.3,574.7,129.9,170.9,194.5,392.8,139.0,112.3,-24.4,75.1,341.9,-9.1,444.6,252.5,934.5,144.1,155.1,73063,0.06679,"33740, Monroe, LA"
33860,"Montgomery, AL",4637,12.2,26.0,-0.6,418.7,306.0,73.1,185.0,-182.0,145.0,34.0,68.4,-17.3,44.2,579.5,990.1,586.8,199.7,716.9,323.9,127.5,149539,0.03101,"33860, Montgomery, AL"
34580,"Mount Vernon-Anacortes, WA",1761,4.3,0.5,0.0,-25.4,833.3,9.6,-143.1,115.9,-32.9,10.2,43.0,-95.6,31.6,64.3,-320.7,-236.2,491.0,747.8,217.3,45.7,57555,0.03059,"34580, Mount Vernon-Anacortes, WA"
35440,"Newport, OR",1588,3.8,-0.3,-0.8,45.6,69.7,3.5,65.6,-14.9,12.5,-1.3,2.3,-25.7,11.7,38.5,63.1,96.6,281.8,822.4,55.3,58.7,19980,0.07948,"35440, Newport, OR"
40700,"Roseburg, OR",2018,23.5,-4.0,-0.5,90.8,270.0,0.3,-7.0,-80.7,34.8,1.6,13.0,-50.8,34.6,126.9,123.7,174.5,164.9,852.0,127.9,122.3,39260,0.0514,"40700, Roseburg, OR"
46380,"Ukiah, CA",2109,22.5,8.8,3.2,68.3,61.8,26.2,128.4,-36.7,30.4,19.2,36.3,6.8,0.0,30.3,325.2,14.6,249.2,785.9,186.8,141.9,32638,0.06462,"46380, Ukiah, CA"
47580,"Warner Robins, GA",1429,2.7,-5.3,-0.6,22.5,377.8,24.3,42.3,-33.3,50.0,41.2,43.7,-24.8,57.2,-174.1,-332.0,202.3,128.8,827.7,135.7,42.4,68798,0.02076,"47580, Warner Robins, GA"
10780,"Alexandria, LA",3293,35.6,113.0,20.8,603.3,321.3,84.8,16.8,161.2,156.0,70.4,80.6,-34.4,34.8,203.9,9.2,354.9,186.2,658.8,134.2,81.7,55034,0.05984,"10780, Alexandria, LA"
11020,"Altoona, PA",3376,4.1,20.5,9.5,197.8,329.1,89.2,243.2,89.3,72.3,40.3,-0.1,-26.3,22.0,324.1,137.1,625.1,169.5,732.7,247.7,48.8,52599,0.06418,"11020, Altoona, PA"
12300,"Augusta-Waterville, ME",1293,-6.0,0.2,0.7,55.1,99.4,51.1,21.1,20.1,61.2,24.6,24.8,12.4,9.8,-40.7,-303.3,279.4,135.3,613.2,66.4,168.3,54765,0.02361,"12300, Augusta-Waterville, ME"
18300,"Coos Bay, OR",1325,5.3,0.6,-0.4,48.7,84.6,5.3,9.5,-31.5,17.3,-1.7,3.5,-28.3,12.1,52.6,77.8,167.1,103.2,668.2,61.1,69.2,22821,0.05804,"18300, Coos Bay, OR"
18700,"Corvallis, OR",2016,6.5,-0.6,-0.4,71.6,183.6,9.6,20.2,-58.7,32.8,-3.5,9.7,-91.0,0.0,68.3,440.8,224.1,221.4,668.0,120.5,92.8,37414,0.05388,"18700, Corvallis, OR"
19300,"Daphne-Fairhope-Foley, AL",2768,9.5,36.4,-1.7,401.1,79.9,8.8,183.6,17.4,23.5,44.2,62.7,-31.8,24.4,164.0,563.9,231.0,116.7,567.1,214.6,52.9,85651,0.03232,"19300, Daphne-Fairhope-Foley, AL"
20780,"Edwards, CO",1366,3.9,19.4,-2.7,78.0,13.9,-1.1,71.6,-12.1,29.7,6.1,1.3,-10.1,-13.3,80.8,67.0,3.0,213.9,689.0,73.5,54.2,26708,0.05115,"20780, Edwards, CO"
22900,"Fort Smith, AR-OK",1172,5.6,210.7,5.1,23.3,26.8,61.0,-114.4,43.7,87.5,6.8,53.1,-11.2,43.2,16.3,-592.3,688.2,115.3,421.4,4.4,77.3,105892,0.01107,"22900, Fort Smith, AR-OK"
27900,"Joplin, MO",1518,-0.5,-10.3,6.0,21.0,286.2,78.1,169.8,-203.9,96.7,85.9,129.7,8.0,127.2,94.3,-431.3,170.6,166.4,546.8,121.2,55.8,75410,0.02013,"27900, Joplin, MO"
30340,"Lewiston-Auburn, ME",1130,-7.0,0.0,0.3,54.8,68.6,30.9,42.4,60.5,73.7,39.6,30.7,39.3,14.7,-110.5,-243.0,300.1,123.2,545.8,15.9,50.5,51167,0.02209,"30340, Lewiston-Auburn, ME"
30940,"London, KY",1777,4.5,101.8,-0.8,-19.1,183.9,3.0,-103.9,-45.3,49.3,-25.2,13.1,-15.3,11.0,527.4,128.5,297.9,-6.4,533.9,66.3,72.0,42887,0.04143,"30940, London, KY"
31180,"Lubbock, TX",3705,3.8,539.9,-17.9,531.3,196.8,-25.1,318.7,-272.4,141.6,-103.2,32.8,-214.6,48.4,77.5,372.4,579.2,336.0,671.8,456.7,31.4,142333,0.02603,"31180, Lubbock, TX"
36980,"Owensboro, KY",1823,3.9,51.8,-2.7,-34.2,296.9,19.3,-24.5,-22.3,51.0,-44.6,17.9,-6.9,15.0,232.2,125.4,290.7,-6.7,646.7,146.5,67.1,50793,0.03588,"36980, Owensboro, KY"
39060,"Pottsville, PA",3573,12.2,74.2,14.7,201.3,633.0,95.9,155.5,41.4,42.4,54.7,-0.2,-22.4,30.8,366.3,131.3,617.0,157.7,687.7,209.1,70.2,64409,0.05547,"39060, Pottsville, PA"
39660,"Rapid City, SD",238,-1.4,-35.7,0.6,-288.7,-3.6,21.6,-86.7,40.3,138.4,59.8,21.0,2.2,-1.2,-38.0,-418.9,221.2,86.2,628.7,-81.5,-26.6,63921,0.00372,"39660, Rapid City, SD"
40740,"Roswell, NM",1616,6.9,520.5,2.7,97.4,18.2,15.1,62.9,0.9,62.1,74.8,23.4,36.2,3.0,28.3,-11.3,182.3,25.4,361.3,70.2,35.2,25260,0.06396,"40740, Roswell, NM"
43760,"Sonora, CA",1866,7.8,8.5,5.5,67.4,48.3,16.2,97.5,-15.4,18.5,9.4,29.5,3.9,10.4,53.0,228.8,-0.1,438.8,548.9,150.2,138.5,25273,0.07382,"43760, Sonora, CA"
46180,"Tupelo, MS",1121,3.1,2.1,-7.1,1.6,662.1,8.9,78.4,-172.8,118.2,44.4,40.3,-36.0,18.0,-23.3,-292.8,339.5,38.3,240.0,15.8,42.3,60299,0.01859,"46180, Tupelo, MS"
46340,"Tyler, TX",1919,9.2,510.1,-5.8,320.9,174.7,-44.3,50.0,-220.7,85.5,-71.6,11.8,-179.4,19.8,-19.4,70.2,501.1,165.1,296.1,232.7,13.5,91345,0.02101,"46340, Tyler, TX"
49300,"Wooster, OH",2287,4.2,63.0,3.0,89.4,656.2,52.7,52.9,-21.5,20.0,-1.7,15.7,43.0,21.8,84.3,137.3,415.9,64.1,411.7,132.4,42.1,50111,0.04563,"49300, Wooster, OH"
10140,"Aberdeen, WA",873,4.4,-2.7,-0.7,-9.0,275.9,3.5,-89.9,60.7,-9.6,7.5,20.8,-46.9,15.4,42.8,-187.5,-100.9,183.3,452.3,109.6,143.4,29193,0.02989,"10140, Aberdeen, WA"
11500,"Anniston-Oxford, AL",1157,7.5,4.3,0.1,108.3,174.1,22.4,-16.9,-20.5,15.6,14.3,17.4,-14.6,9.2,124.7,317.4,121.0,21.0,156.1,73.6,21.7,41914,0.0276,"11500, Anniston-Oxford, AL"
14020,"Bloomington, IN",2012,3.7,9.4,-1.4,73.1,-53.1,17.0,92.7,-48.5,176.9,6.8,74.4,-4.3,-14.3,298.3,485.2,194.1,17.7,449.6,236.2,-1.3,62675,0.0321,"14020, Bloomington, IN"
16500,"Centralia, WA",937,9.8,-3.5,-1.0,-11.5,388.8,-7.8,-103.6,65.9,-7.6,2.0,20.5,-57.3,18.4,63.1,-245.2,-125.6,240.6,461.7,94.0,135.1,34452,0.0272,"16500, Centralia, WA"
17060,"Chillicothe, OH",1188,2.2,5.4,1.5,49.1,299.2,22.2,-6.0,-44.2,26.6,5.1,8.8,20.4,6.2,87.9,45.3,222.0,27.6,280.7,64.1,63.6,27801,0.04272,"17060, Chillicothe, OH"
17340,"Clearlake, CA",1355,13.4,12.1,8.0,45.4,28.6,12.1,77.0,-21.8,16.7,10.5,16.0,4.4,0.0,18.9,187.3,10.5,325.3,376.0,115.2,99.4,20416,0.06637,"17340, Clearlake, CA"
19760,"DeRidder, LA",989,14.9,35.1,4.3,261.2,177.1,20.4,0.3,46.4,34.6,25.5,23.7,-15.8,7.5,48.1,-9.5,38.9,43.1,175.2,28.9,29.2,14488,0.06828,"19760, DeRidder, LA"
20020,"Dothan, AL",1489,6.7,13.3,-2.3,193.0,51.9,38.6,20.2,-8.5,21.5,16.4,19.2,-7.4,17.7,118.3,378.4,271.2,29.0,224.5,91.7,-4.6,59246,0.02513,"20020, Dothan, AL"
22520,"Florence-Muscle Shoals, AL",1500,5.1,9.5,-1.3,250.5,49.5,28.6,55.9,-6.0,28.1,31.3,19.6,-15.5,11.8,128.7,375.7,183.5,34.0,201.2,78.4,32.1,55910,0.02684,"22520, Florence-Muscle Shoals, AL"
23860,"Georgetown, SC",693,-1.9,-0.4,-5.5,-7.8,113.3,-6.1,-100.1,-13.0,9.4,7.5,34.2,4.9,-0.4,40.1,-83.9,101.2,126.9,391.4,48.1,35.4,25984,0.02668,"23860, Georgetown, SC"
25620,"Hattiesburg, MS",566,8.0,79.4,-10.4,2.2,116.0,5.7,69.4,-132.3,72.0,36.7,39.8,-42.6,27.3,-2.0,-380.8,299.3,72.8,247.3,9.9,48.9,54103,0.01047,"25620, Hattiesburg, MS"
28060,"Kalispell, MT",708,5.4,17.9,-0.1,82.1,-85.6,20.1,86.8,-11.0,46.7,42.6,58.8,-105.8,2.1,236.2,55.9,-10.1,-43.5,341.3,-26.6,-5.5,42428,0.01668,"28060, Kalispell, MT"
29860,"Laurel, MS",476,10.5,158.2,-5.7,1.6,132.3,-2.3,26.9,-82.2,28.6,18.5,20.1,-21.6,13.0,-10.5,-227.3,254.5,23.9,103.2,2.9,31.7,32413,0.01469,"29860, Laurel, MS"
30380,"Lewistown, PA",1133,3.9,7.0,2.3,79.2,164.2,18.6,59.9,21.5,16.0,18.7,1.6,-5.6,5.8,63.7,61.1,203.8,45.1,270.4,73.6,21.7,20758,0.05456,"30380, Lewistown, PA"
31940,"Marinette, WI-MI",1497,5.6,0.1,1.2,34.7,368.3,35.9,43.4,-8.5,21.8,31.1,2.6,-4.7,0.4,33.0,71.2,175.9,113.8,431.4,64.9,74.7,29776,0.05026,"31940, Marinette, WI-MI"
32740,"Meadville, PA",2139,9.8,45.6,5.6,97.1,436.1,40.0,39.4,51.2,38.6,25.7,2.3,-23.2,0.0,149.0,103.5,362.8,72.4,480.9,167.6,34.9,34955,0.0612,"32740, Meadville, PA"
32940,"Meridian, MS",474,18.5,38.6,-6.3,1.3,108.3,-17.6,6.4,-73.7,53.8,32.6,27.1,-15.6,16.5,-22.9,-255.3,259.8,29.8,235.8,8.0,28.9,37144,0.01276,"32940, Meridian, MS"
35420,"New Philadelphia-Dover, OH",2099,5.5,175.0,2.2,86.8,482.5,37.6,10.9,-20.4,21.4,7.9,18.5,28.5,7.8,96.1,70.4,414.3,57.8,422.0,136.8,37.2,42315,0.0496,"35420, New Philadelphia-Dover, OH"
36700,"Orangeburg, SC",540,-3.8,-2.0,-7.5,-8.7,159.8,-4.9,-147.3,-61.5,24.9,14.8,18.3,1.9,0.0,52.1,-176.4,113.7,58.2,395.5,50.0,63.2,37333,0.01447,"36700, Orangeburg, SC"
38820,"Port Angeles, WA",817,9.4,2.7,-0.3,-9.6,174.2,13.8,-84.0,68.8,15.9,-0.1,21.6,-47.7,19.0,21.9,-169.1,-189.1,262.1,467.5,119.3,120.4,29935,0.02729,"38820, Port Angeles, WA"
39780,"Red Bluff, CA",1365,7.6,2.7,3.9,47.1,46.1,16.2,59.2,-31.3,26.2,12.5,21.5,-1.4,14.5,50.9,239.7,56.6,197.6,353.4,125.3,117.5,23958,0.05699,"39780, Red Bluff, CA"
40820,"Ruston, LA",1170,6.6,67.0,5.1,127.4,153.0,28.7,-2.9,40.6,54.8,31.3,58.1,-13.4,12.6,56.9,18.2,121.0,64.3,282.6,28.4,30.2,19128,0.06118,"40820, Ruston, LA"
41260,"St. Marys, PA",995,5.3,18.0,2.7,46.8,400.2,15.1,28.1,16.5,12.4,11.3,1.7,-11.9,3.7,36.8,24.7,142.6,21.6,144.9,62.9,11.6,16013,0.06214,"41260, St. Marys, PA"
42380,"Sayre, PA",1542,5.0,110.2,7.0,92.0,226.8,31.9,59.4,41.9,16.9,28.1,2.0,-20.9,13.4,131.3,49.7,273.6,49.7,314.8,84.1,24.7,27107,0.05687,"42380, Sayre, PA"
42860,"Seneca, SC",615,-0.5,-0.9,-15.7,-7.9,223.5,-2.5,-62.6,-15.7,2.7,16.4,22.4,2.5,-0.5,56.6,-112.1,61.9,89.2,272.9,50.1,35.6,30861,0.01994,"42860, Seneca, SC"
42980,"Seymour, IN",770,6.4,0.9,-0.7,24.9,288.2,16.1,9.8,-33.3,32.9,1.2,15.2,-1.4,-4.8,134.8,23.0,85.8,3.9,111.5,57.4,-1.5,21638,0.03558,"42980, Seymour, IN"
44940,"Sumter, SC",765,-0.6,-3.8,-2.6,-10.1,232.1,1.9,-144.4,-60.6,16.3,29.3,25.6,9.7,-1.1,135.3,-154.1,116.9,69.4,393.4,79.7,32.4,39821,0.0192,"44940, Sumter, SC"
44980,"Sunbury, PA",2139,5.7,37.5,9.6,128.5,241.9,55.5,97.9,41.5,21.2,39.1,6.7,-35.3,30.2,181.1,87.6,385.3,115.5,482.2,165.5,42.0,39880,0.05364,"44980, Sunbury, PA"
45180,"Talladega-Sylacauga, AL",1155,8.0,16.7,-0.7,146.2,205.3,22.0,-57.8,-31.3,14.7,18.3,27.4,-3.7,12.8,95.1,251.1,202.0,39.1,100.7,68.9,19.9,38779,0.02978,"45180, Talladega-Sylacauga, AL"
45500,"Texarkana, TX-AR",889,18.2,58.1,-2.5,127.6,95.1,6.0,-33.8,-83.0,32.2,-26.1,16.4,-40.7,12.3,1.8,-142.0,346.9,71.9,299.0,84.4,47.1,55965,0.01588,"45500, Texarkana, TX-AR"
10760,"Alexander City, AL",537,9.0,2.2,-0.4,58.5,91.1,8.8,-15.6,4.2,1.0,3.9,5.9,-2.8,7.4,50.7,111.9,100.2,14.6,41.2,30.6,14.9,17836,0.03013,"10760, Alexander City, AL"
14620,"Bradford, PA",1097,7.3,68.2,3.0,50.8,211.0,24.4,36.6,18.1,15.6,16.2,1.6,-11.0,7.4,56.7,42.8,186.1,48.4,214.8,78.6,19.8,16884,0.06495,"14620, Bradford, PA"
15020,"Brookhaven, MS",129,16.1,33.8,-2.9,0.7,25.4,-2.9,-6.0,-63.6,20.0,13.1,7.8,-9.9,2.8,-8.3,-102.5,117.7,8.2,59.5,4.2,15.3,13882,0.00927,"15020, Brookhaven, MS"
17660,"Coeur d'Alene, ID",-2066,-10.7,-33.7,-18.1,-422.5,85.1,-82.7,-507.0,-49.3,59.3,-294.7,-97.7,-138.6,-0.7,180.3,-262.0,-270.1,-58.6,-191.9,97.4,-50.2,67376,-0.03067,"17660, Coeur d'Alene, ID"
18060,"Columbus, MS",276,4.4,9.4,-3.8,0.9,126.1,-1.1,16.0,-64.8,39.8,8.3,21.0,-16.6,0.0,-23.9,-146.8,173.1,16.0,97.6,7.9,12.1,23088,0.01194,"18060, Columbus, MS"
18860,"Crescent City, CA",676,7.1,0.5,0.8,13.3,15.5,3.5,40.4,-5.2,15.1,2.1,8.9,0.7,1.7,11.0,86.0,1.4,73.2,218.0,38.9,143.1,9729,0.0695,"18860, Crescent City, CA"
18980,"Cullman, AL",759,5.3,10.8,-0.3,158.6,-42.2,6.9,-26.0,6.1,30.0,28.9,13.0,-12.8,10.6,48.1,211.4,137.4,23.5,79.1,52.4,18.1,35374,0.02145,"18980, Cullman, AL"
20060,"Douglas, GA",220,5.0,-0.3,-0.3,7.7,74.8,5.9,-12.0,-32.2,6.9,3.4,7.3,-2.5,9.2,-29.0,-73.2,47.2,24.3,140.4,26.5,11.0,16313,0.01348,"20060, Douglas, GA"
21460,"Enterprise, AL",518,7.0,2.9,-0.3,49.1,74.8,9.7,-23.2,8.4,3.4,3.1,8.5,-1.4,6.6,38.0,132.8,86.3,9.0,74.1,28.2,1.5,18628,0.02783,"21460, Enterprise, AL"
22840,"Fort Payne, AL",646,4.6,1.9,-0.5,76.7,157.0,20.5,-13.7,-39.3,2.9,9.9,9.7,-6.9,5.2,38.9,159.3,106.4,13.7,52.3,31.5,15.5,26244,0.0246,"22840, Fort Payne, AL"
22860,"Fort Polk South, LA",940,10.0,41.2,4.7,240.9,69.9,17.1,5.9,44.2,48.4,18.6,33.8,-26.9,8.5,47.3,5.6,58.7,40.3,218.1,38.6,15.3,15679,0.05996,"22860, Fort Polk South, LA"
24900,"Greenwood, MS",134,12.2,1.9,-3.0,0.5,40.4,-0.9,-30.0,-37.2,19.4,2.5,13.1,-4.2,2.0,-7.6,-106.7,155.0,11.6,38.7,5.7,20.9,14685,0.00915,"24900, Greenwood, MS"
26660,"Huntsville, TX",600,12.9,110.0,-2.6,125.7,89.0,-2.4,-35.2,-25.2,0.6,-13.2,3.4,-54.8,5.3,-12.3,37.3,111.9,62.5,76.5,68.4,42.2,27421,0.02188,"26660, Huntsville, TX"
26820,"Idaho Falls, ID",-2249,-0.8,-6.7,-10.2,-344.9,-120.6,-130.4,-366.1,-103.9,26.1,-157.7,-53.4,-472.9,-17.1,185.8,-308.6,-224.2,-24.0,-165.9,87.9,-41.3,64321,-0.03496,"26820, Idaho Falls, ID"
27380,"Jacksonville, TX",448,9.9,134.1,-2.7,84.9,90.8,-12.8,-25.0,-43.3,14.1,-12.4,5.3,-30.2,0.0,-4.7,4.5,101.1,26.1,67.2,34.6,7.0,19955,0.02247,"27380, Jacksonville, TX"
31260,"Lufkin, TX",865,15.9,124.8,-2.8,143.2,137.9,0.5,7.8,-66.9,40.2,-15.3,8.4,-49.1,14.6,19.5,37.0,211.6,42.7,118.1,67.1,9.8,34172,0.02532,"31260, Lufkin, TX"
31580,"Madisonville, KY",785,4.5,143.9,-0.6,-11.1,112.7,12.4,-54.8,-10.9,14.5,-6.3,9.5,-1.3,2.5,75.6,38.7,155.0,-2.2,218.3,42.8,41.4,18824,0.04168,"31580, Madisonville, KY"
32460,"Mayfield, KY",498,2.5,7.7,-0.7,-10.9,45.2,11.7,-2.2,-9.8,26.4,-2.9,4.7,-6.2,3.9,51.4,42.0,79.2,-1.5,200.4,34.4,22.4,14460,0.03442,"32460, Mayfield, KY"
32620,"McComb, MS",279,18.6,50.4,-3.1,0.9,60.1,-3.5,-8.6,-79.5,31.1,17.1,13.4,-12.5,5.1,-12.8,-111.9,173.8,12.3,99.4,5.1,23.7,20427,0.01367,"32620, McComb, MS"
33060,"Miami, OK",360,2.9,32.4,0.1,7.9,106.8,4.3,-11.8,5.1,9.2,12.2,8.0,3.3,12.2,48.4,-40.7,81.8,65.4,-6.7,8.8,10.6,12903,0.02793,"33060, Miami, OK"
34860,"Nacogdoches, TX",588,18.2,81.1,-2.2,92.8,108.2,0.3,5.1,-34.0,18.9,-11.0,5.5,-29.8,4.4,14.1,35.7,114.3,30.1,81.8,48.2,6.6,23580,0.02496,"34860, Nacogdoches, TX"
35020,"Natchez, MS-LA",569,11.0,80.2,0.9,53.3,40.7,13.5,-4.9,-17.1,35.4,22.5,15.6,-10.7,6.2,6.5,-77.3,148.5,47.0,135.6,16.0,46.4,18088,0.03147,"35020, Natchez, MS-LA"
35060,"Natchitoches, LA",927,10.6,53.0,4.8,107.6,185.4,18.2,-2.2,31.5,33.5,23.9,23.7,-7.7,4.2,48.1,10.1,94.8,37.0,199.3,18.9,32.7,14481,0.06405,"35060, Natchitoches, LA"
35140,"Newberry, SC",387,-5.5,-1.5,-3.9,-4.6,193.0,5.4,-42.6,-26.6,2.9,7.7,12.7,-0.3,-0.3,42.7,-66.5,61.8,27.3,133.2,18.0,34.5,17660,0.02194,"35140, Newberry, SC"
42820,"Selma, AL",460,5.2,5.9,-0.3,41.7,58.7,0.6,22.8,-4.7,9.1,3.4,4.4,-5.1,3.4,20.6,108.8,76.6,8.1,49.0,40.5,11.1,13902,0.03307,"42820, Selma, AL"
43940,"Spearfish, SD",109,-0.4,-24.6,0.1,-42.2,-0.8,2.3,-12.6,7.6,20.6,6.4,3.4,0.4,-0.1,-6.2,-82.3,31.0,32.2,188.6,-9.9,-4.8,11426,0.00952,"43940, Spearfish, SD"
44260,"Starkville, MS",67,2.9,14.2,-2.1,0.4,67.4,-0.6,9.5,-22.1,30.1,5.3,15.1,-14.4,0.0,-16.8,-256.4,115.3,16.3,87.4,4.6,11.1,17824,0.00377,"44260, Starkville, MS"
45000,"Susanville, CA",504,5.0,0.4,2.4,11.9,7.8,3.9,26.4,-5.4,12.7,2.3,5.6,0.5,1.6,8.1,54.7,0.9,21.6,151.2,47.3,144.7,7475,0.06739,"45000, Susanville, CA"
46980,"Vicksburg, MS",359,5.4,14.1,-11.2,0.6,54.8,-1.6,35.6,-37.9,16.3,14.9,11.8,-23.8,3.6,-18.1,-117.7,169.1,33.4,178.6,1.9,28.7,20745,0.01729,"46980, Vicksburg, MS"
47920,"Washington Court House, OH",450,2.2,1.5,0.4,16.4,137.8,12.4,-2.7,-32.9,10.6,2.1,3.1,8.4,2.4,28.3,17.3,76.4,14.6,102.9,29.2,19.5,11394,0.03949,"47920, Washington Court House, OH"
48180,"Waycross, GA",316,4.4,-0.4,-0.5,11.3,51.8,10.3,-17.9,-42.9,10.4,5.5,12.1,-3.4,8.4,-34.2,-104.8,67.1,36.1,226.6,50.0,26.1,21581,0.01464,"48180, Waycross, GA"
12100,"Atlantic City-Hammonton, NJ",11323,0.0,-0.5,31.2,613.4,129.9,153.4,654.3,119.2,53.5,-57.7,193.7,44.7,21.0,492.1,-161.6,1436.8,471.3,6140.6,738.1,249.6,123441,0.09173,"12100, Atlantic City-Hammonton, NJ"
27980,"Kahului-Wailuku-Lahaina, HI",16492,0.0,-3.1,143.6,-99.3,246.3,444.7,2110.3,1528.2,413.2,-5.7,553.1,62.4,49.8,879.1,210.0,438.3,1209.5,7285.8,939.1,87.1,90327,0.18259,"27980, Kahului-Wailuku-Lahaina, HI"
35300,"New Haven-Milford, CT",22345,0.0,16.3,40.8,733.1,2348.3,622.6,2555.9,-545.7,1001.7,485.6,614.3,557.7,111.8,1157.3,-64.5,5340.2,1381.7,4245.6,1354.5,387.3,403507,0.05538,"35300, New Haven-Milford, CT"
39900,"Reno, NV",10942,0.0,-46.9,-49.9,1026.4,-444.3,-376.5,-333.4,-2388.0,449.7,-81.8,370.3,-181.2,303.4,998.4,1100.4,1010.6,1354.5,7720.4,254.8,255.2,225808,0.04846,"39900, Reno, NV"
41620,"Salt Lake City, UT",-14316,0.0,128.3,-123.0,-2390.7,-3413.1,-1116.9,-3314.3,-1588.7,575.2,-3307.2,260.0,-3980.7,-767.6,-945.3,5665.0,-2472.9,-945.8,2398.4,426.9,596.0,598963,-0.0239,"41620, Salt Lake City, UT"
48620,"Wichita, KS",13968,0.0,126.5,-4.7,-119.3,6408.7,86.5,494.5,-271.4,422.4,207.5,398.2,-90.8,252.7,732.1,331.7,1641.2,1312.2,1617.9,354.1,68.1,293932,0.04752,"48620, Wichita, KS"
29820,"Las Vegas-Henderson-Paradise, NV",93822,0.0,-71.2,-177.9,3551.2,-513.8,-890.0,-749.8,-2777.4,2585.8,-485.8,1902.2,-404.6,2223.8,6920.5,3713.4,3990.8,4928.8,68435.2,1017.2,623.5,974287,0.0963,"29820, Las Vegas-Henderson-Paradise, NV"
41740,"San Diego-Chula Vista-Carlsbad, CA",99857,0.0,65.8,98.0,3221.1,3392.2,1836.7,7611.3,-213.7,2583.0,597.7,2267.7,362.9,1233.1,5396.8,14495.0,589.0,11279.6,32862.9,10511.6,1666.3,1448343,0.06895,"41740, San Diego-Chula Vista-Carlsbad, CA"
41940,"San Jose-Sunnyvale-Santa Clara, CA",48015,0.0,51.9,60.5,1744.5,1470.5,1061.0,3931.7,-210.1,-1134.4,241.3,1128.0,779.8,875.5,3084.8,7658.7,418.6,5095.4,14752.8,5676.4,1328.3,972187,0.04939,"41940, San Jose-Sunnyvale-Santa Clara, CA"
46520,"Urban Honolulu, HI",58501,0.0,-12.8,760.8,-449.9,1544.3,2569.9,8735.0,6957.9,2926.8,-120.2,1677.9,544.0,666.0,4431.9,1430.0,2288.0,2934.1,16983.3,4302.6,331.7,376556,0.15536,"46520, Urban Honolulu, HI"
11060,"Altus, OK",213,0.0,94.9,0.4,5.1,16.9,5.3,-10.6,1.5,11.6,11.2,6.3,4.4,7.7,24.6,-40.9,61.0,7.0,0.0,3.7,3.0,8675,0.02455,"11060, Altus, OK"
11860,"Atchison, KS",228,0.0,1.7,-0.3,-3.3,73.7,-0.8,1.7,-10.3,5.9,10.5,7.2,-4.3,4.0,7.8,15.5,43.8,19.7,41.9,11.6,1.6,7409,0.03074,"11860, Atchison, KS"
13100,"Beatrice, NE",78,0.0,-0.4,0.0,3.6,-50.9,1.5,-10.8,5.9,12.1,18.2,1.8,-12.3,-1.4,20.0,-48.8,45.8,17.1,44.9,16.9,15.3,11726,0.00669,"13100, Beatrice, NE"
14180,"Blytheville, AR",-29,0.0,-0.5,0.5,0.3,-68.9,10.6,-22.7,5.5,7.7,-5.0,11.4,-2.1,0.7,-43.5,-111.5,79.0,7.3,80.3,-2.1,23.8,16296,-0.00179,"14180, Blytheville, AR"
14820,"Brevard, NC",293,0.0,-0.6,-0.5,-3.4,33.4,-0.2,-5.0,-17.6,-1.5,-2.4,2.3,-30.4,3.7,9.3,56.0,88.7,25.0,84.2,31.0,20.8,11736,0.02497,"14820, Brevard, NC"
18100,"Columbus, NE",1,0.0,-1.4,0.4,5.2,-120.7,5.9,-18.0,3.7,6.6,18.8,4.0,-16.2,-1.0,25.0,-57.6,17.8,17.8,71.0,25.6,14.1,17238,5e-05,"18100, Columbus, NE"
19540,"Decatur, IN",444,0.0,1.3,-0.1,16.4,89.8,6.3,-11.0,-18.7,37.6,5.6,14.5,-3.2,-2.7,78.0,16.4,87.5,1.7,71.1,53.6,-0.1,15382,0.02885,"19540, Decatur, IN"
19980,"Dodge City, KS",259,0.0,8.3,-0.7,-3.9,-36.1,5.6,4.2,-21.2,18.9,9.0,5.1,-1.6,3.5,9.6,10.0,67.8,74.3,91.9,9.1,5.0,15370,0.01683,"19980, Dodge City, KS"
20540,"Dyersburg, TN",260,0.0,0.1,-0.3,26.0,57.2,6.6,-7.8,-33.6,9.2,2.9,7.1,-22.5,2.1,2.2,28.6,96.5,14.5,96.5,4.4,-30.2,14935,0.01738,"20540, Dyersburg, TN"
23140,"Frankfort, IN",386,0.0,0.5,0.0,17.0,97.6,9.7,-12.5,-40.2,20.3,2.3,10.9,-8.2,-1.7,91.7,21.2,57.8,2.0,71.5,45.6,0.2,13968,0.02761,"23140, Frankfort, IN"
23240,"Fredericksburg, TX",300,0.0,26.5,-2.4,63.3,34.3,-1.7,5.4,-12.8,5.6,-9.0,0.4,-24.3,2.2,-1.1,8.4,64.4,34.9,76.5,26.3,2.8,10958,0.02734,"23240, Fredericksburg, TX"
23340,"Fremont, NE",72,0.0,-1.3,0.2,5.7,-92.8,10.9,22.0,17.5,11.3,22.0,2.6,-13.4,-2.5,36.6,-73.9,14.1,20.0,48.4,31.6,13.0,18765,0.00383,"23340, Fremont, NE"
25580,"Hastings, NE",175,0.0,-0.6,0.5,4.9,-23.9,3.8,21.4,11.1,13.0,19.3,2.1,-13.2,-2.0,26.7,-58.0,25.9,16.9,86.4,28.4,12.4,14953,0.01171,"25580, Hastings, NE"
25700,"Hays, KS",421,0.0,64.9,-0.1,-4.3,57.5,-4.4,-6.0,-18.1,21.8,15.5,15.8,-2.6,15.2,7.7,20.5,99.2,40.9,78.3,13.5,5.3,13248,0.03175,"25700, Hays, KS"
26700,"Huron, SD",6,0.0,-5.6,0.0,-21.8,-14.3,-0.4,-27.6,2.6,23.5,19.0,-0.5,-3.8,-0.3,-1.5,-52.4,46.3,7.7,45.7,-11.4,1.0,9303,0.00066,"26700, Huron, SD"
28380,"Kennett, MO",210,0.0,-0.9,1.6,3.0,44.5,11.5,6.2,-18.1,9.8,16.1,32.6,-3.1,6.6,-0.3,-74.3,78.2,11.6,59.1,10.2,15.7,11571,0.01815,"28380, Kennett, MO"
28780,"Kingsville, TX",319,0.0,93.6,-1.0,58.8,33.9,-1.9,-17.3,-8.7,1.7,-10.1,6.8,-16.5,2.1,-4.0,19.5,71.9,12.6,51.6,25.9,-0.1,12407,0.02571,"28780, Kingsville, TX"
28860,"Kirksville, MO",190,0.0,-0.8,1.1,2.9,20.1,5.8,3.2,-9.7,13.3,16.2,19.4,-1.0,7.8,4.1,-105.7,69.0,22.6,91.4,18.1,12.4,10782,0.01763,"28860, Kirksville, MO"
30060,"Lebanon, MO",244,0.0,-2.1,1.5,3.7,85.8,12.2,18.7,-19.3,11.5,17.1,21.8,-4.6,6.4,14.5,-62.4,29.3,18.0,70.2,9.9,11.6,13369,0.01823,"30060, Lebanon, MO"
30420,"Lexington, NE",-13,0.0,0.3,0.1,3.3,-106.1,3.5,-11.0,11.5,4.3,14.4,1.6,-6.6,-1.7,26.0,-49.6,3.4,12.8,54.5,14.3,12.2,12651,-0.00101,"30420, Lexington, NE"
30580,"Liberal, KS",168,0.0,27.4,-0.7,-2.7,-21.3,3.1,3.4,-17.2,7.5,5.8,4.6,-1.0,2.3,7.0,6.3,52.4,13.1,66.4,7.4,3.8,10838,0.01547,"30580, Liberal, KS"
32180,"Marshall, MO",233,0.0,-0.2,1.4,3.0,49.4,8.6,11.1,-3.5,14.9,14.4,14.1,-1.6,8.7,5.2,-59.5,53.1,21.0,69.7,12.5,10.5,10479,0.02223,"32180, Marshall, MO"
32340,"Maryville, MO",176,0.0,-1.3,0.8,2.4,43.3,5.7,2.2,-4.9,6.3,14.2,13.0,0.0,7.1,6.4,-82.1,51.8,22.3,61.4,13.0,14.5,8960,0.01965,"32340, Maryville, MO"
33580,"Mitchell, SD",35,0.0,-8.6,0.0,-42.0,-11.7,-0.4,-49.6,3.4,52.0,20.0,-0.7,-7.9,-0.1,-3.7,-65.1,61.7,6.5,94.8,-14.8,1.6,12179,0.00291,"33580, Mitchell, SD"
33620,"Moberly, MO",222,0.0,-1.1,2.0,3.4,27.9,8.9,11.8,-6.3,11.9,17.2,17.6,-1.4,30.6,4.3,-58.6,42.3,11.7,68.7,14.2,16.4,9947,0.02228,"33620, Moberly, MO"
37940,"Peru, IN",426,0.0,4.0,-0.1,19.7,99.6,6.3,-12.8,-21.9,17.5,6.0,12.5,-1.6,-2.6,62.4,29.3,70.0,3.8,79.4,55.5,-0.9,14968,0.02846,"37940, Peru, IN"
38380,"Plainview, TX",290,0.0,86.1,-2.1,53.5,20.0,-4.6,-6.2,-56.6,11.7,-5.3,6.3,-14.8,4.4,-2.9,7.3,58.0,18.7,67.6,42.8,6.3,14778,0.01964,"38380, Plainview, TX"
38780,"Portales, NM",276,0.0,20.2,0.8,22.3,3.0,4.2,2.2,-0.5,15.3,16.1,5.1,6.9,2.5,7.2,-5.1,53.7,9.1,82.2,23.0,7.9,7836,0.03524,"38780, Portales, NM"
38920,"Port Lavaca, TX",279,0.0,60.8,-0.9,83.4,57.4,-0.6,-0.6,-9.8,4.6,-4.3,1.8,-18.2,2.0,-5.3,4.6,24.0,11.3,44.1,21.3,3.3,8945,0.03117,"38920, Port Lavaca, TX"
39220,"Price, UT",-83,0.0,80.2,-15.3,-41.4,-21.4,-20.6,-65.4,-23.8,0.5,-23.6,2.3,-37.7,-5.5,-13.7,94.2,-58.4,-14.5,55.8,5.9,19.6,9871,-0.00839,"39220, Price, UT"
39700,"Raymondville, TX",136,0.0,24.8,-0.7,23.1,13.3,-1.1,-11.0,-5.7,1.6,-4.9,4.0,-9.9,1.1,-3.0,7.0,52.3,8.0,22.6,14.5,-0.1,6753,0.02016,"39700, Raymondville, TX"
40940,"Safford, AZ",-190,0.0,-192.2,-7.7,6.0,4.9,-10.2,-28.8,-26.2,17.7,-3.8,5.3,-19.7,2.1,25.8,-116.5,14.9,27.0,79.0,4.8,27.4,11873,-0.01603,"40940, Safford, AZ"
44020,"Spirit Lake, IA",348,0.0,-0.7,1.0,18.8,-6.8,10.2,4.2,4.2,11.1,2.1,2.3,7.2,2.9,3.1,87.4,88.6,18.4,83.0,4.6,6.6,8175,0.04259,"44020, Spirit Lake, IA"
44500,"Stephenville, TX",449,0.0,89.9,-2.8,79.1,78.2,-5.0,-6.8,-21.1,12.4,-12.0,2.1,-36.1,3.4,-7.6,32.1,85.7,26.9,82.8,43.5,4.3,17562,0.02556,"44500, Stephenville, TX"
44540,"Sterling, CO",252,0.0,50.4,-1.6,17.0,8.3,-8.1,-22.4,-14.1,6.1,4.3,1.8,-9.7,-6.9,11.5,43.3,26.9,5.5,76.2,19.6,43.7,9251,0.02722,"44540, Sterling, CO"
46820,"Vermillion, SD",-30,0.0,-2.4,0.1,-10.9,5.0,2.6,-11.8,7.6,14.3,6.8,0.8,-1.6,-0.1,-1.5,-91.2,13.3,2.8,39.8,-3.7,0.2,5462,-0.00548,"46820, Vermillion, SD"
46900,"Vernon, TX",150,0.0,26.0,-1.6,15.3,32.2,-0.2,-4.5,-5.6,5.9,-3.6,1.0,-7.5,0.9,-0.9,1.9,38.1,11.6,23.7,14.7,2.2,6179,0.02427,"46900, Vernon, TX"
47340,"Wabash, IN",409,0.0,2.0,-0.1,20.2,86.7,8.1,-11.1,-13.2,18.6,6.8,11.6,-1.4,-5.0,56.2,38.1,72.4,7.9,65.6,46.3,-0.6,14214,0.02877,"47340, Wabash, IN"
48100,"Wauchula, FL",193,0.0,-5.6,1.4,-0.6,10.2,8.0,10.2,2.4,3.8,-5.8,2.3,-23.1,4.0,23.2,-14.3,33.9,41.2,71.0,14.0,16.7,9014,0.0214,"48100, Wauchula, FL"
49460,"Yankton, SD",31,0.0,-4.6,0.1,-29.2,25.9,7.1,-25.6,8.5,22.5,16.0,1.7,-3.5,-0.1,-4.6,-68.4,32.4,8.4,57.3,-13.6,0.4,11492,0.00267,"49460, Yankton, SD"
49820,"Zapata, TX",153,0.0,81.4,-0.6,23.6,6.8,-0.6,-5.4,-5.6,2.0,-3.6,2.4,-3.9,0.6,-3.7,0.5,29.8,3.4,16.8,6.7,2.5,4096,0.0374,"49820, Zapata, TX"
10420,"Akron, OH",14294,0.0,80.4,10.3,444.0,1888.2,429.9,655.8,-306.8,400.2,67.9,123.9,560.4,258.7,1208.0,826.5,2441.6,687.7,3010.3,1157.8,349.4,325487,0.04392,"10420, Akron, OH"
11460,"Ann Arbor, MI",10795,0.0,-1.3,17.3,15.2,1373.8,245.6,647.1,86.2,378.2,-63.3,163.1,35.7,28.8,1069.5,1674.5,1609.8,538.7,2230.6,573.8,171.4,161683,0.06676,"11460, Ann Arbor, MI"
12700,"Barnstable Town, MA",7948,0.0,-4.5,18.8,194.2,98.6,119.4,663.4,268.1,75.5,59.8,29.5,-211.7,44.3,128.4,667.0,1230.9,952.7,2608.7,785.9,218.9,95722,0.08303,"12700, Barnstable Town, MA"
18880,"Crestview-Fort Walton Beach-Destin, FL",3820,0.0,4.3,12.0,-5.3,76.9,73.8,581.4,81.1,81.9,-78.2,73.5,-587.0,34.3,426.5,-93.9,281.2,446.0,2240.1,164.4,7.2,102408,0.0373,"18880, Crestview-Fort Walton Beach-Destin, FL"
19660,"Deltona-Daytona Beach-Ormond Beach, FL",8887,0.0,1.3,16.5,-15.1,66.0,275.3,746.9,275.2,251.3,-267.3,112.3,-924.0,147.0,1094.3,-182.1,968.1,1766.3,3815.9,469.5,269.7,258972,0.03432,"19660, Deltona-Daytona Beach-Ormond Beach, FL"
22420,"Flint, MI",11494,0.0,-5.4,14.3,28.4,2022.4,331.4,926.8,-11.9,327.4,-20.1,160.2,43.6,25.6,1240.2,394.2,2059.2,516.0,2498.4,666.3,277.2,159817,0.07192,"22420, Flint, MI"
26980,"Iowa City, IA",4637,0.0,-3.9,3.9,151.5,-115.0,61.3,119.1,63.8,118.1,0.2,20.2,80.4,35.6,54.2,2214.7,912.1,90.1,706.1,69.6,55.0,80173,0.05784,"26980, Iowa City, IA"
28020,"Kalamazoo-Portage, MI",9541,0.0,-2.3,16.1,25.2,1686.4,274.2,690.8,-137.5,182.8,14.9,139.0,-38.9,15.9,1023.8,580.8,1512.8,457.1,2212.6,699.2,187.7,146923,0.06494,"28020, Kalamazoo-Portage, MI"
28180,"Kapaa, HI",5931,0.0,-1.2,62.3,-39.1,100.5,131.9,716.6,505.7,209.6,-2.1,190.4,23.3,18.9,283.5,47.2,156.5,517.9,2664.4,284.4,60.9,32649,0.18167,"28180, Kapaa, HI"
29620,"Lansing-East Lansing, MI",13627,0.0,-2.9,31.5,29.4,1984.2,264.1,967.9,-148.3,343.8,-72.1,232.8,130.2,21.6,1366.8,1143.6,2260.6,469.9,2776.3,984.8,843.2,205129,0.06643,"29620, Lansing-East Lansing, MI"
33260,"Midland, TX",4549,0.0,3349.9,-7.8,385.2,155.9,-55.8,61.5,-156.2,65.1,-51.7,56.7,-163.0,29.0,-37.1,31.0,176.5,150.9,296.9,250.3,11.7,79273,0.05738,"33260, Midland, TX"
33700,"Modesto, CA",11521,0.0,17.0,38.4,585.0,1198.6,319.6,865.6,-693.4,173.9,77.8,199.3,0.8,121.9,501.9,2203.3,123.4,878.8,3332.4,1116.8,460.3,218439,0.05274,"33700, Modesto, CA"
34740,"Muskegon, MI",6020,0.0,3.4,7.1,12.7,2035.9,114.5,299.4,-33.2,148.1,6.4,42.5,8.6,6.3,534.9,145.5,927.9,204.1,1128.4,324.2,102.9,75844,0.07937,"34740, Muskegon, MI"
34940,"Naples-Marco Island, FL",6237,0.0,0.2,4.6,-9.9,-7.4,131.5,658.7,144.7,121.0,-142.7,72.4,-491.4,52.8,508.6,-111.5,533.8,1809.9,2440.9,393.0,127.3,143351,0.04351,"34940, Naples-Marco Island, FL"
36260,"Ogden-Clearfield, UT",-7283,0.0,51.0,-68.7,-1285.5,-2201.3,-482.4,-1569.2,-781.0,195.6,-1016.9,65.2,-1719.8,-254.5,-314.4,2470.2,-1257.8,-603.0,1037.3,198.3,254.0,293017,-0.02485,"36260, Ogden-Clearfield, UT"
36540,"Omaha-Council Bluffs, NE-IA",8500,0.0,-18.4,13.2,331.9,-548.6,265.5,544.1,544.8,562.5,829.8,190.8,-387.6,-121.0,1936.7,-870.2,358.8,807.4,2997.6,833.6,229.4,472085,0.01801,"36540, Omaha-Council Bluffs, NE-IA"
37340,"Palm Bay-Melbourne-Titusville, FL",7249,0.0,0.3,8.6,-11.4,155.4,247.4,581.9,341.0,219.0,-192.4,82.4,-1209.2,165.3,1182.1,-172.2,785.8,1477.8,2938.2,432.3,216.4,234476,0.03091,"37340, Palm Bay-Melbourne-Titusville, FL"
38940,"Port St. Lucie, FL",5648,0.0,3.1,24.7,-10.2,119.1,188.9,591.2,109.9,138.1,-145.2,65.8,-686.6,86.2,606.0,-186.8,762.3,1208.2,2143.4,401.4,228.1,179771,0.03142,"38940, Port St. Lucie, FL"
39740,"Reading, PA",12014,0.0,20.6,36.9,676.5,2143.7,355.3,795.0,77.4,155.5,195.8,71.6,-134.5,170.7,1575.9,435.7,1704.5,587.0,2285.0,737.6,123.6,202102,0.05944,"39740, Reading, PA"
40420,"Rockford, IL",10133,0.0,10.8,10.4,111.5,2586.4,210.0,498.6,-282.2,198.0,145.9,104.7,220.4,49.8,503.7,845.2,1213.0,651.3,2449.9,379.8,225.5,157730,0.06424,"40420, Rockford, IL"
41500,"Salinas, CA",11133,0.0,13.7,18.0,341.9,404.7,205.0,750.2,-122.3,240.0,55.1,169.8,27.3,92.1,352.7,1646.3,65.3,987.3,4317.9,1097.3,470.6,172311,0.06461,"41500, Salinas, CA"
42200,"Santa Maria-Santa Barbara, CA",12655,0.0,83.8,23.4,341.7,420.1,196.6,892.9,-45.0,286.4,71.2,210.2,83.8,131.6,465.1,2072.8,141.5,1144.8,4464.7,1297.7,372.0,179292,0.07058,"42200, Santa Maria-Santa Barbara, CA"
45940,"Trenton-Princeton, NJ",9469,0.0,7.9,15.9,517.5,78.5,397.9,719.7,62.9,207.3,-222.3,278.6,71.4,71.9,1005.4,48.0,2035.9,695.2,1938.7,1000.6,537.5,172836,0.05478,"45940, Trenton-Princeton, NJ"
46060,"Tucson, AZ",2272,0.0,-223.9,-106.7,214.1,-263.2,-369.0,-124.7,-1385.4,870.1,-249.5,309.5,-1542.1,135.8,2526.2,-2293.2,186.8,1040.8,2767.9,424.3,354.3,380212,0.00598,"46060, Tucson, AZ"
46700,"Vallejo, CA",12603,0.0,44.2,24.1,565.6,748.3,228.5,1007.9,1.6,240.8,160.4,221.0,20.1,143.6,671.0,1702.9,182.0,1257.4,3418.3,1300.8,664.9,199764,0.06309,"46700, Vallejo, CA"
11180,"Ames, IA",2124,0.0,-3.4,1.8,85.3,-26.0,36.5,13.6,20.9,70.2,-1.3,10.1,24.1,25.2,1.5,1051.3,348.8,68.1,334.0,27.5,36.0,38900,0.05461,"11180, Ames, IA"
12980,"Battle Creek, MI",4002,0.0,-2.3,4.8,7.4,1074.9,84.0,189.1,-45.7,56.5,-1.6,29.8,0.6,5.7,361.8,130.2,620.0,152.6,971.7,267.9,94.9,55167,0.07254,"12980, Battle Creek, MI"
14010,"Bloomington, IL",5126,0.0,7.2,7.7,51.2,270.3,27.1,353.1,-32.9,69.3,414.7,80.5,165.8,44.2,159.5,835.5,487.6,301.1,1532.6,182.2,169.2,85350,0.06006,"14010, Bloomington, IL"
15540,"Burlington-South Burlington, VT",4105,0.0,-6.8,32.0,450.6,-184.3,301.8,797.0,80.9,293.9,25.8,57.3,-93.2,9.7,61.6,-961.8,757.5,372.3,1763.2,30.9,316.0,111537,0.0368,"15540, Burlington-South Burlington, VT"
16100,"Carlsbad-Artesia, NM",2587,0.0,1620.4,3.1,147.8,43.3,4.5,36.7,-19.7,48.8,58.9,39.3,33.5,6.1,31.9,-17.1,115.1,18.2,281.8,77.0,57.1,25827,0.10015,"16100, Carlsbad-Artesia, NM"
18580,"Corpus Christi, TX",5286,0.0,977.3,-23.1,1231.1,495.9,-2.9,22.8,-176.2,114.1,-79.8,81.9,-354.4,42.9,18.9,140.8,769.0,406.2,1102.6,488.4,30.4,180466,0.02929,"18580, Corpus Christi, TX"
20700,"East Stroudsburg, PA",4436,0.0,11.7,8.8,211.1,156.2,90.0,232.6,42.1,76.9,42.5,-2.4,-50.7,27.8,589.3,151.8,496.9,368.3,1665.5,276.3,41.7,66669,0.06654,"20700, East Stroudsburg, PA"
20940,"El Centro, CA",3872,0.0,28.8,23.8,129.7,131.0,72.1,435.2,-88.0,77.2,24.8,63.3,8.8,22.5,156.1,633.8,48.4,245.7,1187.0,286.6,385.8,70961,0.05457,"20940, El Centro, CA"
21140,"Elkhart-Goshen, IN",3057,0.0,7.1,0.3,87.3,1350.0,55.3,-91.0,-75.2,105.2,14.0,81.9,6.1,-44.8,527.4,81.7,242.4,23.7,447.4,241.9,-3.8,99637,0.03068,"21140, Elkhart-Goshen, IN"
21340,"El Paso, TX",6912,0.0,671.5,-39.1,1232.2,731.9,34.2,456.0,-828.6,304.6,-201.9,137.4,-560.1,59.5,501.7,275.6,1032.5,650.3,1764.0,740.5,-50.1,321454,0.0215,"21340, El Paso, TX"
25500,"Harrisonburg, VA",2644,0.0,-4.9,-0.6,52.1,161.1,30.9,-2.9,-59.9,78.1,75.9,17.3,-81.1,17.9,156.1,426.2,305.9,215.9,1078.3,126.5,51.3,62746,0.04214,"25500, Harrisonburg, VA"
26020,"Hobbs, NM",2823,0.0,1773.7,3.8,160.8,31.4,6.2,44.6,-24.9,56.0,61.8,50.0,26.1,8.0,30.0,-23.4,125.9,32.5,311.5,89.6,59.2,28909,0.09764,"26020, Hobbs, NM"
26090,"Holland, MI",3800,0.0,-0.2,7.1,14.4,1049.1,144.5,210.6,-10.2,57.5,15.6,39.5,16.4,6.8,383.7,115.0,453.3,247.7,764.8,209.1,74.8,58092,0.06541,"26090, Holland, MI"
26380,"Houma-Thibodaux, LA",6359,0.0,865.2,23.2,980.1,580.3,179.1,33.1,834.0,176.8,105.8,254.2,-33.5,24.3,290.6,-4.5,336.4,305.1,1091.4,181.1,136.2,85531,0.07435,"26380, Houma-Thibodaux, LA"
27100,"Jackson, MI",4403,0.0,3.0,29.2,10.3,1146.1,89.8,259.6,-13.9,85.3,4.8,42.8,-9.9,7.7,440.0,182.4,680.6,148.2,867.8,278.2,151.4,62984,0.06991,"27100, Jackson, MI"
28580,"Key West, FL",2289,0.0,0.0,12.2,-2.1,12.4,48.6,191.4,108.4,22.9,-29.1,34.9,-123.2,16.9,134.4,-27.3,78.7,273.6,1415.5,93.1,27.6,40200,0.05693,"28580, Key West, FL"
29420,"Lake Havasu City-Kingman, AZ",919,0.0,-11.8,-25.3,46.7,15.8,-71.5,-183.1,-287.6,110.4,-35.8,51.2,-155.3,16.1,310.4,-312.9,11.2,141.9,1151.9,36.3,110.1,70359,0.01306,"29420, Lake Havasu City-Kingman, AZ"
32580,"McAllen-Edinburg-Mission, TX",6370,0.0,1041.8,-24.7,1317.9,554.5,13.0,524.1,-418.2,207.8,-176.0,59.9,-301.9,29.1,-32.9,162.4,1371.5,524.1,959.4,464.6,93.9,280788,0.02269,"32580, McAllen-Edinburg-Mission, TX"
32900,"Merced, CA",5369,0.0,10.5,17.3,230.3,595.7,109.6,363.1,-250.8,92.2,31.5,79.8,11.2,66.3,169.9,1175.2,113.7,353.3,1460.3,437.7,302.0,98801,0.05434,"32900, Merced, CA"
33780,"Monroe, MI",4723,0.0,-5.2,26.4,15.0,1184.9,125.0,291.6,-2.7,79.8,0.4,50.2,29.7,19.0,358.5,196.9,684.0,237.1,1062.6,279.4,89.9,68965,0.06848,"33780, Monroe, MI"
35660,"Niles, MI",4760,0.0,-5.0,31.1,11.3,890.9,126.2,341.4,-39.3,91.9,5.9,58.2,18.8,6.3,472.7,211.8,607.0,236.8,1279.1,290.4,124.2,68241,0.06975,"35660, Niles, MI"
36100,"Ocala, FL",3773,0.0,-10.5,10.2,-7.3,156.9,144.1,486.5,17.0,94.4,-74.3,48.7,-393.2,41.1,405.9,-177.2,541.7,776.8,1369.2,197.0,146.1,124444,0.03032,"36100, Ocala, FL"
36140,"Ocean City, NJ",2842,0.0,-0.6,10.1,249.4,38.1,58.1,210.8,17.0,17.3,-20.1,77.4,24.8,6.2,128.5,-75.5,410.3,237.9,1090.9,240.3,121.4,38687,0.07347,"36140, Ocean City, NJ"
38340,"Pittsfield, MA",4945,0.0,-4.7,10.8,89.0,273.9,74.8,339.3,55.2,58.2,55.9,12.0,-89.0,33.8,112.6,685.9,856.1,463.8,1319.5,463.1,134.9,59502,0.0831,"38340, Pittsfield, MA"
40980,"Saginaw, MI",5837,0.0,2.3,6.0,12.0,890.6,110.2,432.1,-56.9,158.4,-17.4,50.5,40.1,0.0,939.0,185.4,1016.5,199.1,1380.3,345.4,143.1,75733,0.07707,"40980, Saginaw, MI"
41060,"St. Cloud, MN",4814,0.0,0.4,10.3,91.2,497.6,156.0,381.4,125.3,255.6,109.5,65.7,77.2,64.9,301.3,226.6,835.6,171.1,1046.5,286.6,111.5,96598,0.04984,"41060, St. Cloud, MN"
42140,"Santa Fe, NM",3460,0.0,41.4,3.1,192.2,32.7,15.8,204.1,-13.9,354.8,150.2,47.4,161.4,18.7,92.7,-8.3,242.8,234.4,1002.2,316.3,372.0,59768,0.05789,"42140, Santa Fe, NM"
44100,"Springfield, IL",6141,0.0,37.8,6.7,56.6,270.7,108.2,472.1,6.9,130.6,126.9,68.2,168.2,32.8,204.6,674.2,760.6,340.4,1709.5,262.3,703.2,97102,0.06324,"44100, Springfield, IL"
45900,"Traverse City, MI",4536,0.0,10.5,7.2,15.8,500.4,92.1,372.2,-4.4,138.4,-12.1,55.7,23.9,4.0,286.5,158.5,831.7,192.0,1445.2,308.5,109.2,63605,0.07131,"45900, Traverse City, MI"
48780,"Williston, ND",2358,0.0,1668.9,6.1,98.1,20.9,53.0,3.0,86.1,3.3,13.2,21.4,72.1,0.1,67.3,-17.1,80.6,16.0,144.0,20.8,0.6,20961,0.11252,"48780, Williston, ND"
10300,"Adrian, MI",2801,0.0,0.9,4.7,7.4,828.3,56.8,132.5,-10.9,60.7,-2.6,25.0,-0.3,3.8,226.6,160.6,365.5,104.5,553.7,176.5,107.2,39494,0.07092,"10300, Adrian, MI"
12220,"Auburn-Opelika, AL",2176,0.0,10.5,0.1,203.5,113.0,37.1,62.0,-1.2,11.4,0.4,30.1,-32.5,18.8,192.0,904.8,164.9,53.3,273.9,118.9,14.7,59043,0.03685,"12220, Auburn-Opelika, AL"
13020,"Bay City, MI",3156,0.0,-1.0,8.9,8.0,495.4,68.0,213.3,-8.9,67.8,-1.3,36.1,21.6,9.9,330.8,115.2,553.8,145.3,777.2,227.7,87.9,43515,0.07252,"13020, Bay City, MI"
15180,"Brownsville-Harlingen, TX",3346,0.0,350.7,-11.3,516.9,333.3,41.2,271.8,-276.0,89.7,-108.5,35.7,-163.2,22.3,-33.1,39.7,923.5,296.3,678.2,287.4,51.3,149389,0.0224,"15180, Brownsville-Harlingen, TX"
19500,"Decatur, IL",2680,0.0,3.3,6.4,38.9,293.3,37.1,137.5,-22.7,73.8,56.3,28.4,56.1,7.7,73.6,266.2,431.4,168.2,809.1,125.0,91.0,44160,0.0607,"19500, Decatur, IL"
19860,"Dickinson, ND",1536,0.0,887.8,4.5,82.0,64.8,36.9,3.1,67.9,4.9,13.2,8.8,63.3,0.2,42.0,-15.6,101.7,19.6,127.8,22.5,0.5,17935,0.08563,"19860, Dickinson, ND"
20100,"Dover, DE",3255,0.0,2.9,-6.9,106.5,502.4,-13.3,-5.3,-212.7,42.0,68.2,57.1,-57.7,19.0,673.6,509.2,521.2,-18.0,814.0,235.4,17.0,75021,0.04338,"20100, Dover, DE"
21220,"Elko, NV",547,0.0,-606.0,-7.8,85.9,-17.2,-46.3,-91.5,-69.4,28.9,-6.4,20.1,-11.9,75.3,35.4,121.8,67.7,88.3,816.4,27.7,35.5,24605,0.02221,"21220, Elko, NV"
25260,"Hanford-Corcoran, CA",2983,0.0,16.7,5.1,71.7,304.9,39.5,158.7,-43.7,48.3,18.6,40.3,7.4,16.2,100.8,491.4,60.8,537.8,788.5,176.2,143.6,50196,0.05942,"25260, Hanford-Corcoran, CA"
28100,"Kankakee, IL",2843,0.0,5.0,3.1,40.4,352.8,72.0,196.3,-125.6,34.7,45.0,35.2,78.5,14.1,143.7,335.1,486.1,168.3,773.1,107.0,78.1,49818,0.05707,"28100, Kankakee, IL"
29700,"Laredo, TX",1985,0.0,838.7,-8.2,267.4,59.1,36.7,217.3,-624.9,75.4,-72.7,21.8,-130.9,7.0,-4.0,79.4,357.3,207.2,444.9,183.0,31.0,101971,0.01947,"29700, Laredo, TX"
30140,"Lebanon, PA",4093,0.0,5.9,7.9,216.4,443.2,118.3,188.8,19.1,71.9,48.8,7.1,-37.3,42.8,520.1,152.4,604.1,494.9,899.5,240.3,49.2,65890,0.06212,"30140, Lebanon, PA"
30700,"Lincoln, NE",2171,0.0,0.9,0.2,49.5,-346.4,65.6,219.0,157.0,260.5,257.6,41.6,-205.8,-30.9,558.2,-604.2,4.0,352.5,838.1,338.2,215.7,163656,0.01327,"30700, Lincoln, NE"
33500,"Minot, ND",2118,0.0,813.2,7.4,125.5,41.2,81.6,7.8,87.4,11.0,47.4,16.0,112.6,0.2,130.6,-44.5,281.0,32.2,320.9,45.5,1.1,35464,0.05973,"33500, Minot, ND"
36780,"Oshkosh-Neenah, WI",3091,0.0,-0.6,0.5,128.9,447.3,67.1,139.0,-167.3,-17.7,166.2,-3.3,-13.1,-0.3,157.8,269.9,396.9,295.8,893.7,110.7,219.6,86514,0.03573,"36780, Oshkosh-Neenah, WI"
39460,"Punta Gorda, FL",2076,0.0,-2.2,3.6,-4.1,16.8,55.4,176.8,44.4,42.5,-60.8,30.2,-209.0,26.9,251.4,-51.4,269.1,422.9,872.2,120.2,71.2,58285,0.03562,"39460, Punta Gorda, FL"
39540,"Racine, WI",3252,0.0,1.7,1.9,145.4,171.5,102.0,146.2,-165.6,56.5,149.3,2.9,3.3,-0.2,20.8,302.2,477.7,475.6,978.5,130.8,251.7,101018,0.03219,"39540, Racine, WI"
43620,"Sioux Falls, SD",940,0.0,-38.3,0.9,-444.5,-29.9,99.5,-192.3,150.3,394.1,423.8,9.8,-4.8,-4.2,-19.3,-714.7,339.8,172.8,938.8,-144.3,2.1,139855,0.00672,"43620, Sioux Falls, SD"
46020,"Truckee-Grass Valley, CA",2769,0.0,5.6,10.4,110.8,63.6,32.1,150.4,-2.1,80.0,17.7,50.7,3.1,12.4,63.2,366.3,5.7,490.7,840.7,328.4,138.5,36684,0.07547,"46020, Truckee-Grass Valley, CA"
47220,"Vineland-Bridgeton, NJ",3589,0.0,0.3,15.6,348.2,242.3,144.7,252.5,65.0,28.1,-17.1,68.3,21.9,10.5,220.2,-108.2,943.2,160.2,702.2,294.3,196.5,63104,0.05687,"47220, Vineland-Bridgeton, NJ"
49020,"Winchester, VA-WV",2429,0.0,-7.0,2.0,115.1,163.1,23.6,51.3,-39.4,101.8,116.3,16.5,-106.1,27.3,121.0,243.6,245.8,294.7,823.0,176.0,59.8,61640,0.0394,"49020, Winchester, VA-WV"
11100,"Amarillo, TX",2396,0.0,317.7,-20.0,479.0,256.6,-15.3,-0.3,-136.3,80.0,-102.8,29.7,-180.8,21.8,-14.6,101.2,341.8,228.0,626.1,348.4,35.8,114089,0.021,"11100, Amarillo, TX"
12780,"Bartlesville, OK",1144,0.0,699.8,0.9,15.4,110.5,2.8,-23.3,-2.9,36.0,32.7,19.1,8.1,30.3,113.1,-75.6,120.4,37.1,-15.5,25.5,10.0,21737,0.05264,"12780, Bartlesville, OK"
13900,"Bismarck, ND",3133,0.0,541.4,22.8,268.8,66.7,118.0,44.0,147.6,1.6,62.4,16.7,370.9,2.2,195.9,-52.7,631.8,117.3,390.9,100.3,86.6,68085,0.04602,"13900, Bismarck, ND"
15680,"California-Lexington Park, MD",1959,0.0,-0.3,15.0,197.4,68.1,42.5,106.8,132.5,44.5,27.4,28.8,-57.1,6.7,105.0,35.2,193.3,159.1,683.8,159.7,10.2,44212,0.0443,"15680, California-Lexington Park, MD"
16180,"Carson City, NV",1259,0.0,-11.0,-6.5,114.4,-65.2,-23.8,-118.1,-81.1,53.1,-8.7,31.5,-26.1,30.6,87.2,88.4,132.0,217.7,731.6,30.5,82.5,25473,0.04943,"16180, Carson City, NV"
17860,"Columbia, MO",1823,0.0,-6.7,5.9,19.8,49.6,46.1,394.0,-24.5,83.1,122.3,186.7,-63.0,146.8,105.1,-511.8,162.8,200.3,676.9,132.1,97.8,75983,0.024,"17860, Columbia, MO"
18180,"Concord, NH",3337,0.0,-4.4,5.1,131.2,365.2,124.2,465.0,-85.4,97.8,-84.4,67.1,-92.6,-19.6,144.9,631.7,600.2,-16.5,490.1,250.6,266.6,77211,0.04322,"18180, Concord, NH"
19060,"Cumberland, MD-WV",1794,0.0,-1.1,5.5,134.3,191.8,39.7,81.7,24.7,48.6,32.0,20.1,-7.9,-1.0,83.9,87.0,258.7,66.5,598.2,94.7,36.4,38009,0.04719,"19060, Cumberland, MD-WV"
19180,"Danville, IL",1899,0.0,1.8,2.2,19.2,365.7,47.9,91.6,-31.2,24.7,37.2,23.3,28.0,11.1,57.4,193.0,257.8,68.5,537.5,73.8,89.7,32095,0.05917,"19180, Danville, IL"
23820,"Gardnerville Ranchos, NV",1114,0.0,-9.9,-7.5,89.5,-41.7,-17.5,-86.0,-60.0,34.2,-6.3,28.6,-22.6,21.4,63.7,91.2,97.6,191.5,674.5,24.1,49.0,19591,0.05686,"23820, Gardnerville Ranchos, NV"
24780,"Greenville, NC",1791,0.0,-1.0,-6.5,-12.5,2.2,-22.4,79.3,-132.6,-1.3,-17.0,27.8,-147.4,42.0,74.8,538.7,528.7,51.8,567.8,117.0,101.3,70779,0.0253,"24780, Greenville, NC"
26140,"Homosassa Springs, FL",1445,0.0,3.0,8.1,-3.0,35.6,54.6,86.1,6.6,40.3,-26.8,16.3,-150.2,16.6,121.2,-64.1,331.2,312.2,515.7,86.0,55.8,44989,0.03213,"26140, Homosassa Springs, FL"
27340,"Jacksonville, NC",1316,0.0,-1.1,-4.2,-13.9,65.6,-2.5,121.9,-62.4,-18.4,-22.7,16.2,-206.6,23.0,123.0,245.2,277.8,69.1,615.5,119.5,-28.8,53474,0.02461,"27340, Jacksonville, NC"
31860,"Mankato, MN",2705,0.0,-2.2,5.5,34.1,360.1,59.3,189.0,75.5,154.4,43.8,37.4,26.1,46.2,47.4,166.0,524.0,130.5,591.8,150.5,65.9,48200,0.05613,"31860, Mankato, MN"
31900,"Mansfield, OH",2375,0.0,14.1,2.0,73.9,636.5,46.7,51.1,-28.2,47.7,9.9,7.5,62.4,11.7,187.8,77.9,382.5,72.0,466.7,176.5,76.4,49490,0.04799,"31900, Mansfield, OH"
34380,"Mount Pleasant, MI",1856,0.0,5.4,2.4,4.9,216.8,27.7,78.3,-7.8,32.5,1.5,20.0,5.0,4.1,120.7,164.4,278.2,81.3,691.4,79.3,49.6,24088,0.07704,"34380, Mount Pleasant, MI"
37220,"Pahrump, NV",757,0.0,-61.9,-12.6,68.6,-17.1,-11.9,-70.8,-39.5,27.6,-6.6,17.9,-11.5,15.0,51.5,65.9,52.6,130.7,520.5,19.3,19.3,13988,0.05412,"37220, Pahrump, NV"
40860,"Rutland, VT",1316,0.0,-20.4,17.7,140.6,23.3,67.5,244.2,51.5,41.1,7.3,12.6,-11.5,3.9,-15.6,-234.9,255.5,68.6,586.6,3.0,74.5,30050,0.04378,"40860, Rutland, VT"
41100,"St. George, UT",-1302,0.0,49.3,-15.2,-398.1,-178.3,-70.6,-500.1,-89.2,18.1,-151.5,9.2,-264.8,-16.2,-139.5,521.5,-384.3,-169.8,342.9,60.1,75.0,64083,-0.02031,"41100, St. George, UT"
41780,"Sandusky, OH",1791,0.0,9.7,2.4,45.9,313.8,22.4,34.1,-6.3,37.7,9.7,10.3,33.7,8.2,80.3,61.5,323.4,125.3,521.2,117.6,40.4,34194,0.05239,"41780, Sandusky, OH"
42680,"Sebastian-Vero Beach, FL",2118,0.0,-1.7,3.2,-3.5,60.2,54.1,194.4,37.7,97.9,-38.7,20.5,-219.1,24.9,179.8,-31.6,262.6,617.7,649.3,138.2,72.9,57398,0.03691,"42680, Sebastian-Vero Beach, FL"
43100,"Sheboygan, WI",2058,0.0,4.3,0.7,84.1,332.2,51.0,54.6,-31.2,-10.3,110.2,0.1,-17.3,-0.1,52.9,169.7,260.7,242.3,610.1,51.2,93.0,58671,0.03508,"43100, Sheboygan, WI"
43580,"Sioux City, IA-NE-SD",2774,0.0,-3.3,5.8,174.5,-195.0,94.7,38.5,34.2,163.7,59.8,25.5,53.3,47.9,98.4,529.7,662.0,151.0,710.3,62.9,60.4,86338,0.03213,"43580, Sioux City, IA-NE-SD"
44220,"Springfield, OH",2571,0.0,7.9,1.6,64.1,695.1,44.5,60.6,-104.7,20.3,-1.3,17.3,53.7,19.8,178.2,144.1,463.5,85.7,555.0,192.9,72.5,57090,0.04503,"44220, Springfield, OH"
45820,"Topeka, KS",2981,0.0,23.8,-4.3,-44.1,226.8,20.3,148.1,-108.9,132.1,147.5,96.9,-34.2,101.0,303.9,113.4,734.4,254.4,625.8,168.3,76.4,108356,0.02751,"45820, Topeka, KS"
48580,"Whitewater, WI",1970,0.0,-0.3,1.5,90.8,107.9,62.4,9.9,-31.6,10.1,58.9,-8.8,-17.8,-0.1,24.7,206.7,231.3,363.3,642.8,59.3,159.0,50775,0.0388,"48580, Whitewater, WI"
10820,"Alexandria, MN",925,0.0,1.1,3.5,15.3,63.6,36.7,64.3,25.0,27.8,21.4,10.9,6.4,13.2,18.9,28.6,209.2,43.3,252.6,60.0,23.6,18183,0.0509,"10820, Alexandria, MN"
10860,"Alice, TX",692,0.0,392.3,-1.1,85.7,40.6,-4.3,-21.0,-14.2,1.6,-12.6,16.2,-27.4,4.1,-4.6,12.3,115.0,16.3,54.6,38.1,-0.2,16367,0.04226,"10860, Alice, TX"
11380,"Andrews, TX",575,0.0,435.4,-1.4,62.2,13.7,-5.5,-7.5,-17.4,2.4,-3.8,7.1,-11.8,1.1,1.8,2.6,12.6,14.6,41.1,24.8,3.0,8462,0.06797,"11380, Andrews, TX"
11620,"Ardmore, OK",518,0.0,250.4,0.4,16.1,3.9,14.0,-47.2,-21.4,34.6,25.2,18.4,0.2,0.0,72.0,-75.2,118.5,39.3,40.3,16.1,12.9,20718,0.02502,"11620, Ardmore, OK"
12740,"Barre, VT",1151,0.0,-4.5,9.1,113.4,3.4,60.5,178.8,20.5,60.8,12.7,13.9,-30.8,2.7,-5.4,-260.4,241.1,63.5,486.3,3.4,182.2,28689,0.04013,"12740, Barre, VT"
13540,"Bennington, VT",577,0.0,-0.9,3.0,56.8,15.2,22.3,121.9,17.5,25.2,3.8,6.2,-5.5,1.9,-8.1,-152.4,127.3,47.4,253.4,1.4,40.7,15224,0.0379,"13540, Bennington, VT"
13700,"Big Spring, TX",645,0.0,380.4,-3.0,69.4,42.4,-5.2,-20.6,-18.9,11.9,-5.6,0.5,-24.0,2.7,-0.3,-1.0,81.9,18.3,72.8,39.1,3.9,15100,0.04268,"13700, Big Spring, TX"
15460,"Burlington, IA-IL",965,0.0,-0.6,1.9,44.4,17.5,22.4,2.0,21.0,31.2,8.5,6.6,22.7,9.1,11.5,216.1,256.8,57.4,195.0,18.5,23.3,22527,0.04285,"15460, Burlington, IA-IL"
15700,"Cambridge, MD",764,0.0,-0.1,1.4,46.3,60.1,18.1,63.5,8.2,20.0,10.6,11.2,-5.2,2.2,29.6,15.4,94.1,71.2,268.3,38.3,10.5,15644,0.04882,"15700, Cambridge, MD"
16020,"Cape Girardeau, MO-IL",1094,0.0,-16.0,2.8,16.5,139.5,34.7,104.9,-32.8,78.4,67.3,81.5,-0.4,44.1,41.0,-220.7,212.7,94.5,344.8,59.2,42.2,43444,0.02519,"16020, Cape Girardeau, MO-IL"
16660,"Charleston-Mattoon, IL",1594,0.0,9.0,2.0,20.0,265.2,14.5,63.1,-5.3,36.6,31.9,21.6,26.8,17.3,67.0,253.9,246.4,49.6,386.6,40.6,46.8,25028,0.06367,"16660, Charleston-Mattoon, IL"
17540,"Clinton, IA",981,0.0,-1.7,1.7,58.2,3.7,23.5,-14.4,37.5,72.8,6.5,6.7,13.6,11.2,23.7,255.2,245.5,28.7,182.2,9.1,17.5,23514,0.04172,"17540, Clinton, IA"
19460,"Decatur, AL",1397,0.0,12.3,-1.2,284.8,-96.6,53.6,43.6,-63.4,22.9,34.9,26.1,-47.4,23.4,155.1,356.0,233.3,28.2,219.0,88.1,24.2,63115,0.02213,"19460, Decatur, AL"
20340,"Duncan, OK",747,0.0,409.4,0.4,12.5,81.3,5.9,-1.1,1.0,20.2,28.0,10.9,6.5,0.0,61.7,-57.2,132.5,21.8,-7.5,14.0,6.4,17294,0.04319,"20340, Duncan, OK"
20660,"Easton, MD",887,0.0,-0.1,1.5,57.4,32.3,17.8,66.7,5.3,25.7,13.3,13.5,-8.6,2.6,42.4,16.7,99.8,120.0,315.3,54.1,11.1,17031,0.05207,"20660, Easton, MD"
21120,"Elk City, OK",446,0.0,348.4,0.4,8.3,5.1,4.7,-10.1,1.4,9.4,13.0,9.4,5.1,3.7,15.6,-25.3,44.5,4.6,0.0,3.8,3.6,7897,0.05642,"21120, Elk City, OK"
21260,"Ellensburg, WA",343,0.0,-0.6,-0.1,-6.3,86.8,6.1,-70.0,12.5,-4.2,0.6,9.6,-21.3,0.0,22.9,-147.5,-51.0,123.4,289.5,45.0,47.3,17551,0.01953,"21260, Ellensburg, WA"
21420,"Enid, OK",972,0.0,485.8,0.2,18.2,130.5,11.1,-39.9,6.2,36.8,28.3,21.2,7.9,0.0,118.7,-80.2,167.3,29.6,1.0,22.9,6.1,23977,0.04052,"21420, Enid, OK"
22060,"Faribault-Northfield, MN",1658,0.0,-1.3,2.9,25.8,186.4,63.4,126.2,67.1,52.0,38.8,15.5,16.7,41.1,27.1,115.9,273.3,67.2,385.8,99.5,54.6,33035,0.0502,"22060, Faribault-Northfield, MN"
22280,"Fernley, NV",703,0.0,-31.2,-7.0,112.3,-77.5,-29.5,-100.1,-208.2,37.4,-5.5,26.4,-21.9,19.0,82.5,99.0,88.2,185.1,458.5,24.4,50.8,23215,0.03026,"22280, Fernley, NV"
22300,"Findlay, OH",1318,0.0,4.6,1.4,42.1,290.9,22.9,4.2,-117.5,31.5,5.7,11.1,30.3,27.1,108.0,68.2,232.5,38.6,341.6,145.2,29.7,35619,0.03701,"22300, Findlay, OH"
22800,"Fort Madison-Keokuk, IA-IL-MO",1076,0.0,1.1,2.7,49.0,68.8,27.6,20.7,5.7,27.8,20.8,10.7,21.5,5.3,17.8,203.0,263.2,33.5,230.0,27.7,39.5,26320,0.04089,"22800, Fort Madison-Keokuk, IA-IL-MO"
23180,"Frankfort, KY",1223,0.0,8.5,-0.5,-16.7,204.8,8.7,-108.5,-38.0,16.8,-10.7,8.1,-19.5,10.1,198.7,93.9,103.2,-6.5,459.1,71.3,240.4,32803,0.03729,"23180, Frankfort, KY"
23300,"Freeport, IL",1227,0.0,2.8,1.2,22.1,243.8,24.0,42.7,-48.8,31.8,38.1,14.0,31.8,4.9,50.2,118.1,200.8,72.4,291.1,54.4,31.6,21610,0.05678,"23300, Freeport, IL"
23380,"Fremont, OH",1407,0.0,7.4,2.6,46.8,398.5,17.7,25.7,-6.8,23.3,8.9,10.4,30.0,8.3,72.0,52.5,233.5,47.7,297.6,100.4,30.0,29345,0.04793,"23380, Fremont, OH"
25880,"Hillsdale, MI",1343,0.0,0.9,2.2,3.2,475.5,25.3,65.1,-5.9,28.6,-1.1,12.8,-0.2,1.6,101.1,83.6,185.1,32.2,216.9,83.3,32.8,19285,0.06964,"25880, Hillsdale, MI"
28300,"Keene, NH",1669,0.0,-0.1,2.6,64.3,198.9,65.8,242.0,-55.5,49.5,-27.2,19.4,-38.8,-17.9,50.7,365.6,288.6,-5.7,220.0,162.9,84.0,36431,0.04582,"28300, Keene, NH"
29020,"Kokomo, IN",1242,0.0,2.0,-0.3,42.2,365.4,7.6,-23.5,-42.7,62.7,10.1,36.4,0.2,-4.7,234.0,38.0,132.2,5.0,243.8,135.6,-1.4,37148,0.03345,"29020, Kokomo, IN"
29060,"Laconia, NH",1376,0.0,1.4,2.5,55.2,168.5,34.2,220.7,-29.6,50.3,-10.7,21.4,-38.2,-11.9,33.6,208.5,265.9,-11.0,242.5,89.8,83.1,29512,0.04663,"29060, Laconia, NH"
29940,"Lawrence, KS",1801,0.0,17.4,-1.1,-16.2,199.3,-3.6,113.3,-39.0,80.8,43.4,61.5,-57.8,41.1,153.5,247.7,315.6,152.6,345.5,129.3,18.1,54599,0.03299,"29940, Lawrence, KS"
30020,"Lawton, OK",848,0.0,216.1,1.7,27.9,-123.0,13.4,23.7,6.9,102.9,62.0,30.6,26.0,0.0,270.0,-185.0,215.2,98.5,37.7,29.0,-5.3,43634,0.01944,"30020, Lawton, OK"
32380,"Mason City, IA",1045,0.0,-2.0,2.1,50.2,54.4,19.5,5.3,20.2,43.1,3.9,5.6,15.5,11.8,-5.3,209.0,356.6,47.0,169.7,17.2,21.2,24281,0.04304,"32380, Mason City, IA"
33220,"Midland, MI",2361,0.0,-1.3,4.9,8.8,417.3,37.2,137.8,-5.5,41.8,-0.9,29.8,18.6,25.2,292.2,109.6,374.8,102.8,491.1,213.1,63.3,34470,0.06848,"33220, Midland, MI"
34620,"Muncie, IN",1554,0.0,1.8,0.3,59.5,172.1,23.2,-29.0,-22.1,61.5,1.4,42.1,10.5,-10.1,355.9,164.9,279.4,12.0,274.4,157.2,-0.4,44243,0.03513,"34620, Muncie, IN"
37620,"Parkersburg-Vienna, WV",1409,0.0,31.1,8.9,236.1,42.2,18.3,56.6,34.3,36.6,36.8,16.8,11.0,-16.8,131.7,103.7,186.6,-29.8,367.5,100.6,36.5,37348,0.03772,"37620, Parkersburg-Vienna, WV"
39860,"Red Wing, MN",1367,0.0,-0.8,9.2,20.3,136.3,49.5,91.1,43.2,36.7,25.6,12.5,11.2,44.2,19.6,56.0,226.6,153.7,309.6,81.1,41.1,25007,0.05466,"39860, Red Wing, MN"
40300,"Rochelle, IL",1352,0.0,3.0,3.3,19.7,272.3,28.0,41.6,-64.4,28.5,29.4,22.5,31.0,5.7,39.7,161.9,211.1,79.0,343.5,42.3,54.3,23310,0.05802,"40300, Rochelle, IL"
42700,"Sebring-Avon Park, FL",941,0.0,-2.5,1.9,-1.9,19.6,33.2,41.3,11.2,19.5,-21.2,11.2,-113.4,13.5,98.1,-52.2,182.5,221.2,359.8,62.3,57.2,34373,0.02738,"42700, Sebring-Avon Park, FL"
43420,"Sierra Vista-Douglas, AZ",-30,0.0,-45.7,-13.6,21.6,-17.6,-27.6,-54.7,-125.2,61.3,-7.7,23.8,-203.7,6.6,214.3,-298.3,10.5,82.3,278.1,33.0,32.4,37383,-0.0008,"43420, Sierra Vista-Douglas, AZ"
44580,"Sterling, IL",1521,0.0,7.2,2.1,22.4,297.9,23.0,77.1,-40.2,24.6,28.5,13.0,32.0,6.1,40.9,154.1,254.5,77.7,398.1,47.9,53.8,26503,0.05738,"44580, Sterling, IL"
45540,"The Villages, FL",956,0.0,-1.5,4.8,-1.9,12.7,30.1,104.4,16.5,20.4,-25.2,7.7,-81.8,1.5,95.9,-20.4,102.0,345.3,272.5,32.1,40.7,25125,0.03804,"45540, The Villages, FL"
45660,"Tiffin, OH",1201,0.0,11.4,1.2,41.7,369.5,10.2,36.2,-9.7,12.2,7.4,5.1,15.7,6.0,58.7,57.1,212.9,32.0,225.8,86.6,20.9,25799,0.04655,"45660, Tiffin, OH"
46860,"Vernal, UT",48,0.0,276.3,-13.0,-66.2,-21.1,-31.5,-113.3,-52.0,0.7,-26.4,6.6,-43.0,-5.1,-12.0,114.6,-64.0,-26.2,87.4,7.2,28.4,14852,0.0032,"46860, Vernal, UT"
47380,"Waco, TX",2370,0.0,150.9,-11.2,475.5,355.6,-29.6,-2.7,-158.5,88.5,-96.1,40.5,-169.2,24.3,44.6,193.4,498.9,196.6,459.0,277.2,32.0,114478,0.0207,"47380, Waco, TX"
48220,"Weatherford, OK",449,0.0,312.6,0.5,10.1,14.2,7.8,-10.7,1.7,16.5,13.7,10.0,7.4,4.2,27.0,-49.0,51.8,20.6,0.0,6.5,4.0,10373,0.04327,"48220, Weatherford, OK"
48660,"Wichita Falls, TX",1554,0.0,301.1,-4.4,171.0,267.3,0.1,27.8,-78.3,38.5,-36.7,14.7,-94.6,1.0,-9.4,50.4,315.6,161.6,281.8,181.4,-34.7,57388,0.02709,"48660, Wichita Falls, TX"
48820,"Willmar, MN",1053,0.0,0.0,3.4,17.8,90.7,39.9,67.4,27.2,43.7,18.6,7.2,5.5,36.4,34.4,22.0,286.3,48.0,216.4,56.1,32.5,23060,0.04568,"48820, Willmar, MN"
49260,"Woodward, OK",475,0.0,383.9,0.5,9.2,-10.3,-1.0,-13.9,0.1,12.4,14.1,8.2,0.9,10.0,20.4,-28.9,49.1,7.2,-1.9,8.9,6.3,9251,0.05137,"49260, Woodward, OK"
49740,"Yuma, AZ",164,0.0,-13.8,-28.5,32.5,-21.3,-76.8,-123.2,-234.7,77.5,-24.0,41.3,-182.6,18.0,311.7,-302.3,24.2,180.6,385.2,57.2,42.8,64366,0.00254,"49740, Yuma, AZ"
10940,"Alma, MI",1058,0.0,0.9,1.5,2.5,201.9,25.2,49.5,-4.4,16.5,1.0,10.9,2.8,2.4,81.6,68.8,218.9,27.6,247.7,54.8,48.1,15024,0.07043,"10940, Alma, MI"
10980,"Alpena, MI",800,0.0,-3.0,1.9,2.7,131.9,20.0,55.4,1.2,19.0,-0.4,7.8,3.4,0.7,52.4,21.0,145.9,42.4,203.0,60.2,34.8,11670,0.06858,"10980, Alpena, MI"
11580,"Arcadia, FL",301,0.0,-1.5,1.0,-0.9,7.3,11.0,13.8,3.8,8.0,-6.4,3.6,-33.6,4.5,35.0,-16.7,49.9,51.9,130.4,20.9,18.5,11969,0.02512,"11580, Arcadia, FL"
13300,"Beeville, TX",319,0.0,131.4,-0.8,51.2,29.4,-3.1,-23.1,-11.0,7.2,-2.1,0.7,-15.8,2.4,-2.7,3.2,58.7,12.1,46.6,29.0,5.2,10621,0.02999,"13300, Beeville, TX"
13660,"Big Rapids, MI",966,0.0,-0.7,2.0,3.0,203.0,20.9,52.2,-5.6,19.9,1.4,11.3,3.2,2.1,90.2,67.7,154.6,44.4,200.7,66.1,29.4,14928,0.0647,"13660, Big Rapids, MI"
14420,"Borger, TX",347,0.0,184.2,-1.6,62.0,20.2,-4.2,-10.8,-10.4,5.1,-3.9,1.6,-11.0,0.9,-3.0,1.4,31.8,14.1,37.4,31.0,2.5,8645,0.04017,"14420, Borger, TX"
15100,"Brookings, SD",-88,0.0,-12.2,0.1,-43.0,-22.1,-0.3,-42.5,3.8,33.9,20.9,-1.1,-10.5,-0.2,-2.3,-180.5,52.1,15.2,117.8,-18.7,1.2,15515,-0.0057,"15100, Brookings, SD"
15340,"Bucyrus-Galion, OH",899,0.0,2.3,1.2,29.3,222.2,7.2,25.8,-6.4,11.1,9.1,4.0,18.8,4.4,61.1,33.9,182.4,32.4,167.1,66.2,27.1,19318,0.04656,"15340, Bucyrus-Galion, OH"
16140,"Carroll, IA",449,0.0,-0.5,0.9,24.6,-11.3,18.4,-5.7,11.6,14.0,8.7,2.1,9.6,3.9,-1.2,101.0,167.8,10.7,76.4,9.2,9.2,10933,0.04111,"16140, Carroll, IA"
17500,"Clewiston, FL",311,0.0,1.0,1.1,-1.0,11.8,12.9,10.5,11.8,11.4,-5.2,2.9,-33.2,0.0,36.4,-22.3,52.6,56.5,127.6,15.4,21.0,14487,0.02147,"17500, Clewiston, FL"
17580,"Clovis, NM",762,0.0,38.8,1.4,59.1,7.4,14.1,5.6,-0.9,31.1,50.7,13.1,16.4,19.1,27.6,-8.6,148.8,19.9,239.9,61.7,17.0,18393,0.04144,"17580, Clovis, NM"
18620,"Corsicana, TX",464,0.0,46.4,-2.7,113.7,132.3,-9.3,-34.2,-39.7,15.8,-8.1,4.1,-35.6,0.0,-5.0,6.7,114.5,35.2,75.2,48.1,6.9,21491,0.0216,"18620, Corsicana, TX"
18780,"Craig, CO",310,0.0,135.4,-6.4,21.6,2.6,-3.3,-9.3,-4.0,5.0,1.9,-0.2,-3.5,-2.9,7.7,25.1,7.3,19.5,75.2,18.5,19.2,6720,0.04606,"18780, Craig, CO"
18820,"Crawfordsville, IN",429,0.0,1.2,-0.1,21.7,103.1,11.3,-17.4,-58.8,22.6,3.0,11.6,-8.5,-2.7,98.9,31.0,71.7,3.6,89.6,46.8,0.2,16798,0.02553,"18820, Crawfordsville, IN"
19940,"Dixon, IL",899,0.0,6.1,1.1,11.6,157.5,18.9,45.0,-27.6,16.7,18.5,11.1,23.1,4.7,22.7,93.0,155.2,34.4,232.3,37.0,37.8,16060,0.05599,"19940, Dixon, IL"
21380,"Emporia, KS",545,0.0,9.4,-2.0,-4.6,160.2,0.8,-12.2,-20.0,21.7,12.2,21.5,-7.0,5.3,44.5,31.1,128.3,49.8,85.7,14.3,6.4,16907,0.03226,"21380, Emporia, KS"
21740,"Evanston, WY",510,0.0,133.7,3.0,92.7,10.3,5.8,-4.6,8.6,46.1,9.7,17.5,-8.7,0.1,-3.6,89.7,34.0,-5.3,64.6,1.7,15.0,8471,0.06024,"21740, Evanston, WY"
21840,"Fairfield, IA",280,0.0,-0.6,0.5,12.5,-11.8,10.0,-4.2,5.5,15.7,-1.0,1.7,11.0,4.1,3.6,107.1,62.7,7.2,45.5,4.9,6.0,6919,0.04052,"21840, Fairfield, IA"
21860,"Fairmont, MN",423,0.0,-0.3,1.4,6.3,0.6,23.7,28.6,12.2,16.1,16.2,3.7,-0.1,4.9,12.9,9.9,114.7,13.9,119.9,17.8,20.4,9971,0.04241,"21860, Fairmont, MN"
21900,"Fairmont, WV",890,0.0,40.1,9.2,134.6,18.5,31.5,23.2,36.5,26.3,17.6,5.9,3.9,-9.7,83.6,89.2,104.1,-17.0,197.2,67.3,27.8,23720,0.03751,"21900, Fairmont, WV"
21980,"Fallon, NV",305,0.0,-35.4,-7.5,54.2,-39.3,-11.5,-46.1,-81.5,27.2,-4.4,10.6,-6.6,6.6,33.9,49.4,39.1,77.4,211.5,11.1,17.0,10383,0.0294,"21980, Fallon, NV"
22700,"Fort Dodge, IA",694,0.0,-2.8,0.6,46.3,-49.7,16.2,19.7,14.8,43.8,2.9,2.7,11.4,7.0,-2.2,194.2,215.1,18.3,131.4,6.7,17.3,15855,0.04376,"22700, Fort Dodge, IA"
22780,"Fort Leonard Wood, MO",298,0.0,0.5,1.2,3.4,24.8,5.3,32.6,-5.1,13.7,19.9,26.7,-0.6,7.2,3.2,-95.8,43.8,17.8,184.8,22.0,-7.3,12526,0.02379,"22780, Fort Leonard Wood, MO"
22820,"Fort Morgan, CO",465,0.0,139.4,-3.1,35.5,60.5,-12.0,-27.9,-17.5,18.7,6.3,2.0,-16.5,-6.0,24.5,57.0,33.4,12.0,102.6,21.4,34.4,15478,0.03005,"22820, Fort Morgan, CO"
23780,"Garden City, KS",378,0.0,30.5,-1.7,-6.4,-26.4,9.0,6.9,-32.7,11.4,17.5,10.0,-2.1,5.9,10.1,13.5,114.1,66.3,126.7,15.4,9.6,20014,0.01888,"23780, Garden City, KS"
24260,"Grand Island, NE",39,0.0,-2.8,0.4,12.9,-414.8,23.6,17.8,-7.8,29.3,52.9,12.1,-42.8,-5.6,104.6,-167.5,54.2,63.7,211.2,57.8,40.0,41714,0.00094,"24260, Grand Island, NE"
24460,"Great Bend, KS",419,0.0,74.5,-0.9,-5.2,108.8,-1.0,-6.0,-15.2,6.6,17.4,8.9,-8.7,6.8,9.4,13.2,98.9,38.6,57.2,11.5,3.9,12736,0.03286,"24460, Great Bend, KS"
25100,"Guymon, OK",186,0.0,132.4,0.5,7.9,-10.4,-0.7,-12.2,0.0,19.9,12.3,2.6,0.7,17.3,12.0,-31.4,23.4,5.0,-1.3,3.7,4.4,8864,0.02099,"25100, Guymon, OK"
25300,"Hannibal, MO",417,0.0,-7.6,2.0,6.5,39.9,14.9,6.5,-19.2,16.4,33.8,25.0,-1.7,11.1,10.8,-81.4,122.3,49.5,138.0,25.3,24.7,18248,0.02283,"25300, Hannibal, MO"
25720,"Heber, UT",-307,0.0,9.9,-7.1,-91.7,-39.9,-26.1,-110.8,-29.1,0.9,-40.7,11.0,-92.0,-10.9,-25.4,136.1,-65.9,-90.4,140.2,7.6,17.3,15928,-0.01927,"25720, Heber, UT"
26540,"Huntington, IN",542,0.0,1.8,-0.2,22.6,89.9,7.4,-12.6,-20.6,46.1,7.5,16.8,-3.6,-5.1,108.4,20.9,99.0,2.7,90.3,71.0,-0.1,17868,0.03035,"26540, Huntington, IN"
26780,"Hutchinson, MN",831,0.0,0.0,2.3,15.0,105.4,28.4,52.9,24.7,34.1,16.0,8.3,5.1,31.8,28.1,16.9,162.1,47.1,185.9,42.1,24.4,18511,0.04489,"26780, Hutchinson, MN"
27420,"Jamestown, ND",380,0.0,9.9,2.1,26.3,45.8,18.9,-14.0,19.2,1.7,9.2,1.1,32.2,0.2,17.1,-12.4,116.9,10.2,75.0,10.1,10.3,10834,0.03506,"27420, Jamestown, ND"
27600,"Jefferson, GA",382,0.0,-0.6,-1.1,16.6,119.6,24.9,53.1,-105.3,17.8,3.1,30.6,-13.2,28.4,-63.5,-145.7,33.4,52.2,246.2,58.2,26.9,27840,0.01371,"27600, Jefferson, GA"
28260,"Kearney, NE",324,0.0,-2.2,0.3,7.6,-33.1,7.0,36.7,20.7,24.0,36.3,4.2,-30.1,-8.0,43.4,-116.8,42.6,34.6,172.7,57.2,26.5,26388,0.01227,"28260, Kearney, NE"
28500,"Kerrville, TX",549,0.0,56.3,-2.8,107.0,53.2,-2.8,10.4,-24.6,13.4,-14.4,1.0,-44.9,5.4,-2.3,16.4,121.8,51.0,126.3,73.0,5.4,20221,0.02715,"28500, Kerrville, TX"
29500,"Lamesa, TX",181,0.0,116.4,-0.8,24.3,8.9,-1.9,-8.0,-9.1,2.8,-2.2,0.1,-6.8,0.6,-0.1,-0.4,15.2,4.5,21.5,12.5,2.9,5131,0.03519,"29500, Lamesa, TX"
30220,"Levelland, TX",410,0.0,246.9,-1.0,46.7,7.1,-2.7,-3.9,-25.6,9.5,-4.1,4.1,-11.0,2.2,-2.0,6.6,36.4,11.1,40.1,46.8,2.7,10217,0.04011,"30220, Levelland, TX"
30280,"Lewisburg, TN",295,0.0,1.3,-0.4,29.0,105.4,7.9,10.1,-19.4,14.7,2.4,5.7,-47.8,8.7,3.0,21.1,62.2,18.0,92.5,7.6,-26.8,15149,0.0195,"30280, Lewisburg, TN"
30660,"Lincoln, IL",653,0.0,6.3,0.9,8.1,75.8,5.2,36.3,-8.7,12.5,16.3,9.4,16.2,2.7,13.8,79.1,97.0,29.9,180.8,30.0,41.2,10897,0.05992,"30660, Lincoln, IL"
30900,"Logansport, IN",544,0.0,1.1,-0.1,20.6,185.6,4.1,-9.4,-21.9,24.1,3.5,11.4,0.1,-3.1,100.4,18.8,67.5,1.7,95.4,44.7,-0.9,17357,0.03132,"30900, Logansport, IN"
31220,"Ludington, MI",902,0.0,-2.1,1.2,2.5,201.6,15.0,63.7,-2.5,17.9,-0.3,8.0,0.3,0.8,82.4,25.0,129.3,31.8,224.9,61.3,40.8,12590,0.07162,"31220, Ludington, MI"
31380,"Macomb, IL",723,0.0,1.1,0.7,7.0,76.9,12.5,31.2,-9.0,9.8,12.5,7.8,12.3,1.8,7.6,142.8,104.9,26.1,219.3,25.1,32.5,11802,0.06127,"31380, Macomb, IL"
31740,"Manhattan, KS",1229,0.0,11.0,-1.5,-14.7,226.8,0.5,88.8,-31.8,32.3,44.0,44.0,-6.4,13.0,54.6,207.3,201.9,76.8,238.9,53.0,-10.1,35872,0.03425,"31740, Manhattan, KS"
31980,"Marion, IN",771,0.0,2.5,-0.3,27.7,119.1,10.3,-24.3,-52.4,39.9,11.5,26.7,-3.0,-7.6,146.2,77.0,158.7,8.5,152.5,79.5,-1.1,26207,0.02944,"31980, Marion, IN"
32140,"Marshall, MN",605,0.0,-0.5,1.7,8.8,48.8,13.8,32.4,20.9,17.0,44.1,5.3,3.6,29.0,9.8,21.7,151.5,24.5,129.6,20.7,22.5,12972,0.04667,"32140, Marshall, MN"
33420,"Mineral Wells, TX",317,0.0,107.1,-2.2,47.3,68.7,-2.5,-3.5,-15.0,6.4,-6.1,1.1,-18.7,1.7,-3.2,12.2,44.0,13.7,44.7,19.3,2.7,9676,0.03281,"33420, Mineral Wells, TX"
34700,"Muscatine, IA",767,0.0,-0.8,4.2,45.7,4.4,18.7,-10.9,35.0,21.0,4.2,8.5,19.3,24.1,23.5,226.6,158.5,14.3,146.6,10.1,14.0,21324,0.03598,"34700, Muscatine, IA"
34780,"Muskogee, OK",635,0.0,67.5,0.9,19.8,198.1,22.6,-67.2,6.3,42.1,26.8,26.1,4.6,18.3,112.1,-88.8,182.5,38.1,-14.8,21.0,19.4,24414,0.02602,"34780, Muskogee, OK"
35460,"Newport, TN",442,0.0,-3.9,-0.7,22.2,78.3,0.8,32.2,-16.2,5.0,0.6,4.9,-30.7,4.3,3.1,23.2,58.8,72.2,197.3,11.5,-20.5,14713,0.03007,"35460, Newport, TN"
35580,"New Ulm, MN",577,0.0,-0.2,2.0,9.7,61.5,12.5,27.6,28.4,28.7,20.3,3.2,6.0,13.6,6.5,13.2,142.7,22.4,137.2,23.1,18.8,12087,0.04774,"35580, New Ulm, MN"
35700,"Nogales, AZ",-177,0.0,-17.9,-3.5,6.2,-8.7,-56.3,-25.8,-206.8,18.8,-3.0,11.1,-31.4,2.3,63.0,-98.0,3.8,27.1,116.2,13.2,13.0,16344,-0.01081,"35700, Nogales, AZ"
35740,"Norfolk, NE",113,0.0,-2.0,0.2,7.9,-102.6,11.8,-29.2,9.7,19.5,38.3,7.2,-26.3,-2.3,41.5,-101.5,38.5,19.0,118.5,43.9,21.3,25409,0.00446,"35740, Norfolk, NE"
35820,"North Platte, NE",149,0.0,0.4,0.3,4.1,-16.5,4.2,-17.9,24.3,9.7,22.5,3.7,-11.9,-1.2,21.4,-73.0,6.7,20.2,109.3,21.2,21.4,14738,0.01012,"35820, North Platte, NE"
36380,"Okeechobee, FL",349,0.0,1.0,2.0,-1.0,12.5,14.1,11.6,16.0,11.1,-7.6,3.6,-53.0,0.0,38.6,-21.5,65.8,76.2,136.3,20.4,22.6,14204,0.02457,"36380, Okeechobee, FL"
36820,"Oskaloosa, IA",396,0.0,-0.8,1.1,24.7,-38.9,11.7,-5.8,10.0,22.1,-0.7,1.7,9.6,3.5,4.4,141.2,114.6,9.8,73.6,6.2,8.4,11294,0.0351,"36820, Oskaloosa, IA"
36900,"Ottumwa, IA",735,0.0,-1.2,3.0,41.4,-59.9,21.7,-11.6,23.5,31.3,-1.3,4.8,18.3,5.9,12.8,241.0,208.4,21.7,149.5,10.1,16.0,20455,0.03596,"36900, Ottumwa, IA"
37420,"Pampa, TX",275,0.0,137.7,-0.9,41.1,22.2,-4.6,-11.8,-13.0,6.2,-3.7,2.2,-10.5,2.0,-4.2,1.3,36.7,16.6,33.2,21.0,3.9,8544,0.03221,"37420, Pampa, TX"
37740,"Payson, AZ",122,0.0,-40.3,-6.8,12.7,13.6,-14.4,-48.3,-54.5,33.0,-10.8,14.9,-42.1,3.7,61.6,-103.9,23.1,77.1,149.7,6.7,47.2,17388,0.00703,"37740, Payson, AZ"
37780,"Pecos, TX",272,0.0,169.3,-1.0,42.5,5.8,-4.0,-8.5,-15.2,1.0,-2.1,4.8,-7.8,0.8,1.3,1.4,11.4,7.8,50.9,9.7,3.4,5909,0.04596,"37780, Pecos, TX"
37800,"Pella, IA",679,0.0,-0.9,1.2,35.8,25.3,13.1,2.5,11.9,25.8,-3.0,4.6,19.8,6.9,8.6,209.7,160.8,27.9,105.8,10.1,12.6,16767,0.04047,"37800, Pella, IA"
38620,"Ponca City, OK",614,0.0,223.0,0.2,14.4,113.9,5.6,-26.7,3.6,26.6,17.6,10.2,3.9,0.0,73.5,-60.8,125.2,61.2,0.7,14.8,7.0,17631,0.03481,"38620, Ponca City, OK"
38700,"Pontiac, IL",880,0.0,2.0,1.6,14.9,123.5,18.3,45.2,-15.2,33.8,27.5,12.1,14.4,3.9,24.0,88.7,138.0,43.1,231.6,33.0,39.4,15520,0.05668,"38700, Pontiac, IL"
40100,"Rio Grande City-Roma, TX",502,0.0,98.2,-1.4,120.1,38.2,-3.9,-35.6,-21.2,9.4,-17.2,4.2,-23.3,1.7,-23.9,4.3,224.6,17.1,75.1,26.8,9.2,23222,0.02163,"40100, Rio Grande City-Roma, TX"
42300,"Sault Ste. Marie, MI",1008,0.0,-8.8,2.5,2.3,78.1,15.9,70.8,3.8,21.6,3.1,7.0,3.0,0.4,39.0,38.6,149.6,165.7,246.0,44.1,125.3,13141,0.07669,"42300, Sault Ste. Marie, MI"
42420,"Scottsbluff, NE",234,0.0,-0.8,0.5,5.2,-12.9,3.8,-12.2,22.4,23.9,27.9,3.6,-10.7,-1.6,48.0,-81.2,24.5,13.0,122.3,31.7,26.6,18134,0.01291,"42420, Scottsbluff, NE"
42740,"Sedalia, MO",444,0.0,-0.9,1.2,5.1,88.9,13.6,19.5,-8.2,29.8,19.4,38.6,-4.6,16.2,13.9,-103.7,85.4,31.2,142.6,38.7,17.4,19016,0.02335,"42740, Sedalia, MO"
43980,"Spencer, IA",363,0.0,-0.3,1.8,18.9,-4.7,14.0,4.5,5.7,22.6,1.8,2.5,6.4,3.8,2.3,84.4,114.4,13.1,60.6,5.0,6.1,8183,0.04433,"43980, Spencer, IA"
44460,"Steamboat Springs, CO",561,0.0,44.5,-1.7,37.2,3.8,-4.4,-17.0,-5.9,13.5,3.7,-1.0,-12.7,-6.2,21.4,47.7,11.1,149.5,213.0,38.0,26.9,13133,0.04275,"44460, Steamboat Springs, CO"
44740,"Storm Lake, IA",318,0.0,-0.3,1.0,13.6,-24.6,7.0,-3.4,7.2,8.3,3.3,1.4,7.2,1.7,-1.3,123.4,85.6,6.0,72.5,4.6,5.2,9344,0.03406,"44740, Storm Lake, IA"
45140,"Tahlequah, OK",318,0.0,45.9,0.6,12.4,47.7,8.4,-34.0,-4.8,21.7,8.2,20.9,0.8,14.8,63.5,-86.6,120.7,41.0,-2.6,15.3,23.7,17779,0.01786,"45140, Tahlequah, OK"
45380,"Taylorville, IL",888,0.0,10.1,2.2,12.8,110.8,8.2,50.9,-8.6,19.6,25.0,10.5,20.3,3.2,26.0,93.8,151.9,40.8,221.7,33.4,55.6,15186,0.05848,"45380, Taylorville, IL"
47240,"Vineyard Haven, MA",555,0.0,-0.1,1.8,19.9,8.3,7.5,48.0,24.3,6.4,4.3,2.0,-9.5,0.0,10.7,53.1,63.8,67.8,149.6,69.3,27.7,6963,0.0797,"47240, Vineyard Haven, MA"
47660,"Warrensburg, MO",363,0.0,-1.1,1.5,8.5,48.9,11.9,36.9,-15.2,22.7,30.8,41.6,-5.1,0.0,12.4,-156.7,100.1,39.5,154.3,29.2,2.7,19932,0.01821,"47660, Warrensburg, MO"
49080,"Winnemucca, NV",39,0.0,-202.1,-5.1,19.1,-11.2,-7.9,-33.0,-26.4,10.7,-1.9,3.5,-2.8,7.1,13.1,33.3,16.1,24.1,184.9,6.5,10.5,7232,0.00533,"49080, Winnemucca, NV"
49380,"Worthington, MN",367,0.0,-0.6,1.2,5.8,1.5,13.6,29.2,16.3,12.5,11.5,3.2,-0.2,2.9,9.5,10.0,105.9,9.9,100.1,22.3,12.6,11407,0.03218,"49380, Worthington, MN"
17980,"Columbus, GA-AL",2072,2.0,2.7,-0.5,108.2,326.8,37.4,33.3,-183.9,86.0,-19.4,91.1,-47.7,153.0,-185.1,-203.4,300.1,211.4,1164.4,231.5,-36.0,107042,0.01935,"17980, Columbus, GA-AL"
14660,"Brainerd, MN",2220,2.0,3.4,7.1,40.4,162.2,48.2,127.2,44.2,66.7,57.9,28.6,22.9,21.6,48.3,57.6,385.3,137.7,765.7,109.5,83.5,39906,0.05563,"14660, Brainerd, MN"
31420,"Macon-Bibb County, GA",1514,2.0,-22.0,-2.1,34.9,297.1,33.1,39.9,-230.5,84.3,58.6,62.8,-10.3,141.6,-256.5,-378.6,229.9,158.7,995.9,184.3,90.5,90945,0.01664,"31420, Macon-Bibb County, GA"
32020,"Marion, OH",1161,2.0,3.7,0.9,36.7,282.2,25.1,1.2,-22.4,17.1,7.9,15.9,23.6,6.7,85.0,63.2,223.6,35.9,228.7,84.9,39.7,27605,0.04207,"32020, Marion, OH"
43020,"Shawano, WI",955,2.0,-0.2,0.5,37.2,83.4,17.7,12.1,-8.9,2.6,36.3,-2.1,-6.2,0.0,7.1,73.3,122.0,188.9,258.0,11.7,119.4,23089,0.04135,"43020, Shawano, WI"
11140,"Americus, GA",164,2.0,-1.9,-0.3,4.0,61.8,0.9,-9.5,-20.9,7.2,1.9,6.8,-2.9,11.4,-33.9,-86.7,41.4,12.2,130.1,24.6,15.4,13394,0.01222,"11140, Americus, GA"
17300,"Clarksville, TN-KY",2480,3.0,12.3,-3.5,90.5,370.0,26.6,-50.6,-87.1,107.7,-10.0,31.2,-274.7,34.6,298.8,223.4,510.6,70.5,1150.5,88.2,-111.4,95320,0.02602,"17300, Clarksville, TN-KY"
22140,"Farmington, NM",3375,3.0,1355.4,9.6,235.2,61.2,36.0,163.1,-32.8,103.5,91.4,47.6,49.0,14.5,50.8,-36.3,245.9,125.0,531.8,158.0,162.8,45684,0.07388,"22140, Farmington, NM"
25060,"Gulfport-Biloxi, MS",2251,3.0,122.3,-27.9,7.1,328.1,-20.3,76.2,-221.5,231.4,105.4,115.8,-191.9,44.3,-73.1,-788.5,776.8,197.5,1403.4,82.6,80.6,145751,0.01545,"25060, Gulfport-Biloxi, MS"
11820,"Astoria, OR",1445,3.0,-0.1,-0.3,49.4,83.5,4.1,61.4,-18.4,11.4,-1.4,2.2,-22.4,11.6,31.2,70.5,97.7,173.1,794.8,50.0,43.8,19234,0.07514,"11820, Astoria, OR"
23900,"Gettysburg, PA",3099,3.0,17.9,6.0,237.6,469.9,67.7,168.3,54.1,42.8,24.3,0.5,-46.3,21.5,275.0,134.3,401.5,172.1,782.0,226.9,40.3,50904,0.06088,"23900, Gettysburg, PA"
38460,"Plattsburgh, NY",3067,3.0,-0.9,12.8,180.3,237.9,104.1,349.4,166.8,34.7,19.9,34.0,26.8,0.0,85.9,315.3,355.4,101.8,727.5,201.2,111.5,34792,0.08816,"38460, Plattsburgh, NY"
48700,"Williamsport, PA",3167,3.0,138.2,11.3,184.3,369.9,87.7,197.2,11.9,54.4,46.7,9.5,-18.5,20.3,357.1,145.5,460.9,101.4,713.2,226.1,46.5,52423,0.06041,"48700, Williamsport, PA"
37900,"Peoria, IL",11361,0.5,7.2,13.3,128.4,2004.4,191.2,657.0,-190.4,239.6,211.7,130.3,326.2,181.7,396.8,1084.4,1467.2,856.3,2989.8,406.8,258.5,168820,0.0673,"37900, Peoria, IL"
11700,"Asheville, NC",5195,0.5,-10.7,-10.9,-42.8,618.9,-29.6,72.7,-269.9,-24.1,-52.7,41.0,-539.3,65.8,261.7,829.6,1273.9,428.8,1796.3,530.8,254.8,188301,0.02759,"11700, Asheville, NC"
28700,"Kingsport-Bristol, TN-VA",3582,0.5,7.8,-2.7,194.4,664.8,26.9,81.4,-196.0,109.6,78.7,22.9,-274.7,71.6,194.8,288.2,696.3,261.3,1289.7,115.3,-49.1,124812,0.0287,"28700, Kingsport-Bristol, TN-VA"
28740,"Kingston, NY",8041,0.5,-4.2,45.3,503.7,263.1,288.4,947.9,416.0,185.1,96.8,105.5,149.8,94.2,270.8,704.1,749.6,457.0,1994.4,596.0,176.3,79342,0.10134,"28740, Kingston, NY"
12020,"Athens-Clarke County, GA",1324,0.5,-3.7,-1.3,33.5,276.6,35.4,103.8,-85.4,56.9,19.6,76.1,-41.9,90.2,-152.9,-543.3,120.2,164.3,924.0,180.0,70.8,81869,0.01617,"12020, Athens-Clarke County, GA"
21820,"Fairbanks, AK",3394,0.5,335.8,26.3,-76.9,44.1,81.1,268.3,518.2,36.0,77.3,66.9,-54.8,0.4,200.5,534.7,81.9,206.2,969.1,2.0,76.8,39235,0.08651,"21820, Fairbanks, AK"
12660,"Baraboo, WI",1593,0.5,0.5,0.4,61.2,34.5,31.6,79.4,-15.2,15.8,48.6,0.2,-25.0,-0.1,55.5,108.5,147.8,210.5,654.7,24.2,159.2,34960,0.04557,"12660, Baraboo, WI"
15500,"Burlington, NC",1842,0.5,-2.3,-2.2,-16.5,346.6,26.6,87.7,-179.4,-42.4,-35.5,6.3,-232.9,33.8,78.2,463.1,442.5,87.8,543.4,139.6,96.8,72949,0.02524,"15500, Burlington, NC"
22540,"Fond du Lac, WI",1805,0.5,-0.4,0.8,99.6,185.2,40.4,26.0,-30.6,8.3,77.7,2.2,-3.6,-0.1,29.2,171.9,255.1,166.3,536.4,52.8,187.6,52280,0.03453,"22540, Fond du Lac, WI"
30860,"Logan, UT-ID",-1688,0.5,11.6,-9.1,-271.3,-935.1,-85.7,-331.3,-67.7,34.3,-132.6,7.3,-458.2,-33.3,-113.8,697.7,-242.0,-129.2,270.0,39.5,60.8,66445,-0.0254,"30860, Logan, UT-ID"
